TRIP_ID,DRIVER_ID,TIMESTAMP,GATE
1,156,1391205600,170
2,187,1391205601,108
3,297,1391205601,446
4,89,1391205601,4
5,79,1391205601,244
6,191,1391205602,323
7,343,1391205602,374
8,341,1391205602,204
9,260,1391205603,313
10,59,1391205603,194
11,122,1391205604,118
12,311,1391205604,39
13,351,1391205604,309
14,58,1391205605,192
15,196,1391205605,374
16,105,1391205606,33
17,331,1391205606,294
18,362,1391205606,204
19,188,1391205606,255
20,172,1391205607,32
21,352,1391205607,219
19,188,1391205607,163
22,361,1391205607,163
23,321,1391205607,282
24,318,1391205607,315
25,317,1391205608,436
26,368,1391205608,428
27,295,1391205609,407
28,197,1391205609,57
29,298,1391205609,59
30,232,1391205609,254
31,315,1391205610,99
32,2,1391205610,409
33,135,1391205610,425
34,248,1391205610,52
35,132,1391205610,373
36,104,1391205610,183
37,234,1391205611,392
38,357,1391205611,10
39,281,1391205611,326
40,53,1391205612,104
41,257,1391205612,499
42,37,1391205612,475
43,224,1391205612,30
44,178,1391205612,231
45,174,1391205613,421
46,61,1391205613,88
47,291,1391205613,232
48,365,1391205613,203
49,94,1391205613,160
50,228,1391205613,400
3,297,1391205616,439
10,59,1391205619,459
11,122,1391205619,408
51,259,1391205619,94
24,318,1391205622,489
26,368,1391205623,47
29,298,1391205624,424
31,315,1391205625,242
36,104,1391205625,222
30,232,1391205625,410
39,281,1391205626,194
8,341,1391205626,61
41,257,1391205627,215
22,361,1391205627,499
48,365,1391205628,467
3,297,1391205632,432
10,59,1391205634,145
11,122,1391205634,32
12,311,1391205634,314
14,58,1391205635,355
17,331,1391205635,85
22,361,1391205636,160
24,318,1391205637,405
25,317,1391205638,209
30,232,1391205640,66
31,315,1391205640,369
32,2,1391205640,258
39,281,1391205641,415
8,341,1391205642,386
42,37,1391205642,115
41,257,1391205643,255
48,365,1391205643,371
10,59,1391205649,290
12,311,1391205649,472
3,297,1391205649,81
17,331,1391205650,340
11,122,1391205651,396
24,318,1391205652,448
30,232,1391205654,174
35,132,1391205655,139
39,281,1391205656,441
42,37,1391205657,469
44,178,1391205658,453
14,58,1391205658,176
48,365,1391205658,321
1,156,1391205660,168
4,89,1391205660,98
5,79,1391205663,242
11,122,1391205663,440
14,58,1391205664,398
10,59,1391205664,216
12,311,1391205665,384
18,362,1391205665,354
22,361,1391205668,381
26,368,1391205669,220
51,259,1391205669,65
30,232,1391205669,241
29,298,1391205669,291
8,341,1391205671,277
39,281,1391205671,208
42,37,1391205672,267
48,365,1391205673,274
20,172,1391205681,359
10,59,1391205681,27
29,298,1391205684,462
26,368,1391205684,193
30,232,1391205684,361
37,234,1391205686,165
39,281,1391205686,445
37,234,1391205686,342
48,365,1391205688,0
46,61,1391205689,209
42,37,1391205693,385
10,59,1391205693,318
27,295,1391205698,257
37,234,1391205700,257
36,104,1391205701,126
39,281,1391205701,385
8,341,1391205702,429
42,37,1391205702,437
48,365,1391205703,389
31,315,1391205705,210
41,257,1391205706,393
11,122,1391205709,149
12,311,1391205709,155
10,59,1391205709,366
20,172,1391205711,149
5,79,1391205712,123
26,368,1391205713,460
28,197,1391205714,405
29,298,1391205714,151
32,2,1391205715,213
39,281,1391205716,221
37,234,1391205716,438
8,341,1391205716,494
17,331,1391205716,131
31,315,1391205717,362
40,53,1391205717,477
42,37,1391205717,460
48,365,1391205718,185
44,178,1391205718,180
3,297,1391205721,397
12,311,1391205724,311
14,58,1391205724,240
18,362,1391205726,235
26,368,1391205728,467
29,298,1391205729,369
31,315,1391205729,190
32,2,1391205730,138
38,357,1391205731,373
39,281,1391205731,365
19,188,1391205732,276
8,341,1391205732,224
42,37,1391205732,203
48,365,1391205733,456
46,61,1391205733,179
35,132,1391205738,35
11,122,1391205739,388
12,311,1391205739,97
3,297,1391205741,456
27,295,1391205743,267
26,368,1391205743,441
28,197,1391205744,347
31,315,1391205744,475
37,234,1391205745,385
39,281,1391205746,483
40,53,1391205746,113
42,37,1391205747,220
48,365,1391205748,465
30,232,1391205750,144
2,187,1391205750,180
3,297,1391205751,185
11,122,1391205754,382
13,351,1391205754,464
12,311,1391205755,366
19,188,1391205756,393
24,318,1391205757,147
27,295,1391205758,437
28,197,1391205759,379
26,368,1391205759,321
36,104,1391205760,479
37,234,1391205761,437
8,341,1391205762,124
31,315,1391205762,165
41,257,1391205762,198
48,365,1391205763,397
49,94,1391205763,499
39,281,1391205764,77
3,297,1391205766,326
4,89,1391205766,133
11,122,1391205768,464
9,260,1391205769,327
10,59,1391205769,254
13,351,1391205769,486
12,311,1391205769,254
22,361,1391205770,215
19,188,1391205772,198
27,295,1391205772,445
28,197,1391205774,56
26,368,1391205774,162
31,315,1391205774,469
29,298,1391205774,51
37,234,1391205775,96
34,248,1391205776,208
41,257,1391205777,75
34,248,1391205782,269
5,79,1391205783,367
13,351,1391205784,308
3,297,1391205785,194
22,361,1391205785,255
20,172,1391205786,388
27,295,1391205788,300
26,368,1391205789,0
28,197,1391205789,428
29,298,1391205789,312
31,315,1391205789,438
32,2,1391205790,50
36,104,1391205790,169
37,234,1391205791,269
8,341,1391205791,164
34,248,1391205792,441
42,37,1391205792,132
4,89,1391205795,159
3,297,1391205796,441
2,187,1391205796,372
48,365,1391205796,81
13,351,1391205799,63
12,311,1391205799,410
10,59,1391205800,410
21,352,1391205801,392
19,188,1391205801,75
26,368,1391205804,389
34,248,1391205805,321
37,234,1391205805,441
35,132,1391205806,322
29,298,1391205806,316
8,341,1391205806,299
41,257,1391205807,388
48,365,1391205808,432
10,59,1391205814,66
12,311,1391205814,66
3,297,1391205815,269
22,361,1391205815,276
21,352,1391205816,165
19,188,1391205816,388
49,94,1391205816,67
20,172,1391205817,382
27,295,1391205818,42
26,368,1391205819,326
31,315,1391205819,267
2,187,1391205819,188
29,298,1391205820,287
37,234,1391205821,321
30,232,1391205821,76
8,341,1391205821,435
41,257,1391205822,382
48,365,1391205823,439
40,53,1391205823,420
2,187,1391205825,62
3,297,1391205826,300
29,298,1391205827,271
9,260,1391205827,13
12,311,1391205829,217
10,59,1391205829,217
19,188,1391205831,382
23,321,1391205833,400
27,295,1391205833,96
26,368,1391205834,401
5,79,1391205835,72
36,104,1391205835,58
34,248,1391205836,274
37,234,1391205836,274
8,341,1391205837,145
31,315,1391205837,385
43,224,1391205837,67
40,53,1391205837,34
41,257,1391205838,419
48,365,1391205838,446
45,174,1391205838,56
1,156,1391205840,146
3,297,1391205841,445
6,191,1391205841,48
11,122,1391205843,9
12,311,1391205845,476
15,196,1391205845,413
22,361,1391205846,393
19,188,1391205846,150
28,197,1391205849,47
31,315,1391205849,437
30,232,1391205849,204
37,234,1391205851,0
34,248,1391205851,0
8,341,1391205851,459
41,257,1391205852,266
44,178,1391205852,372
48,365,1391205853,34
47,291,1391205853,54
5,79,1391205854,305
42,37,1391205855,364
33,135,1391205856,19
4,89,1391205856,45
13,351,1391205859,39
22,361,1391205860,198
19,188,1391205861,419
20,172,1391205861,464
3,297,1391205862,437
28,197,1391205864,132
17,331,1391205864,488
37,234,1391205865,389
38,357,1391205866,212
31,315,1391205866,445
42,37,1391205867,428
41,257,1391205867,487
44,178,1391205867,62
3,297,1391205871,438
12,311,1391205874,337
22,361,1391205875,75
19,188,1391205876,487
29,298,1391205879,253
28,197,1391205879,203
33,135,1391205879,92
31,315,1391205879,467
34,248,1391205880,389
35,132,1391205881,484
37,234,1391205882,326
30,232,1391205882,61
42,37,1391205882,56
49,94,1391205883,215
3,297,1391205886,33
22,361,1391205891,388
26,368,1391205894,290
17,331,1391205894,12
30,232,1391205894,386
29,298,1391205894,423
31,315,1391205895,460
51,259,1391205895,302
37,234,1391205895,401
34,248,1391205896,185
8,341,1391205896,415
5,79,1391205897,87
42,37,1391205897,23
44,178,1391205897,205
50,228,1391205898,469
2,187,1391205901,304
9,260,1391205903,262
13,351,1391205904,314
10,59,1391205904,343
20,172,1391205907,486
50,228,1391205908,165
28,197,1391205909,460
31,315,1391205909,220
29,298,1391205909,28
26,368,1391205910,27
36,104,1391205910,199
37,234,1391205910,145
34,248,1391205911,456
5,79,1391205912,37
41,257,1391205912,200
21,352,1391205912,115
22,361,1391205912,382
8,341,1391205912,441
50,228,1391205913,219
4,89,1391205915,101
22,361,1391205917,150
13,351,1391205919,384
10,59,1391205919,124
20,172,1391205921,308
19,188,1391205921,63
26,368,1391205924,330
28,197,1391205924,371
33,135,1391205924,331
29,298,1391205924,156
32,2,1391205925,8
34,248,1391205926,397
37,234,1391205926,435
21,352,1391205927,5
40,53,1391205927,446
41,257,1391205927,444
44,178,1391205927,394
48,365,1391205928,420
30,232,1391205928,277
50,228,1391205928,392
2,187,1391205930,156
22,361,1391205932,266
49,94,1391205933,255
13,351,1391205934,155
49,94,1391205934,163
19,188,1391205936,314
28,197,1391205939,321
26,368,1391205939,366
37,234,1391205940,216
33,135,1391205940,468
35,132,1391205941,40
40,53,1391205941,439
41,257,1391205942,245
8,341,1391205942,437
34,248,1391205942,81
42,37,1391205942,421
5,79,1391205945,196
2,187,1391205945,184
4,89,1391205945,20
13,351,1391205949,97
9,260,1391205950,390
20,172,1391205951,144
16,105,1391205951,438
19,188,1391205951,463
28,197,1391205954,274
33,135,1391205954,218
17,331,1391205956,226
30,232,1391205956,429
40,53,1391205956,432
8,341,1391205957,267
31,315,1391205957,132
21,352,1391205957,190
34,248,1391205958,432
29,298,1391205958,224
50,228,1391205959,115
2,187,1391205960,287
22,361,1391205963,487
13,351,1391205964,366
37,234,1391205965,330
12,311,1391205965,458
16,105,1391205966,385
49,94,1391205966,231
19,188,1391205966,230
29,298,1391205969,124
26,368,1391205969,410
17,331,1391205969,18
30,232,1391205970,494
34,248,1391205971,439
40,53,1391205971,81
8,341,1391205972,257
48,365,1391205973,113
44,178,1391205973,416
50,228,1391205973,5
7,343,1391205976,110
9,260,1391205978,279
13,351,1391205979,410
12,311,1391205979,299
37,234,1391205980,366
16,105,1391205982,445
19,188,1391205982,249
23,321,1391205983,257
26,368,1391205983,66
14,58,1391205984,155
30,232,1391205984,224
33,135,1391205984,118
36,104,1391205986,357
29,298,1391205986,343
39,281,1391205986,53
40,53,1391205986,397
8,341,1391205987,342
41,257,1391205987,97
4,89,1391205990,223
22,361,1391205993,430
7,343,1391205994,189
13,351,1391205994,66
20,172,1391205996,63
24,318,1391205997,347
23,321,1391205998,469
27,295,1391205998,310
26,368,1391205998,259
30,232,1391205999,124
29,298,1391205999,476
34,248,1391206000,34
48,365,1391206003,477
50,228,1391206003,291
40,53,1391206004,465
14,58,1391206006,366
22,361,1391206008,63
13,351,1391206009,174
9,260,1391206010,315
18,362,1391206010,61
19,188,1391206011,236
12,311,1391206012,496
23,321,1391206013,115
16,105,1391206013,269
51,259,1391206014,16
29,298,1391206015,174
38,357,1391206016,327
40,53,1391206016,185
6,191,1391206022,173
11,122,1391206023,285
13,351,1391206024,241
37,234,1391206025,97
18,362,1391206025,386
16,105,1391206027,441
12,311,1391206027,290
19,188,1391206027,178
30,232,1391206031,164
40,53,1391206031,134
41,257,1391206032,318
48,365,1391206033,229
47,291,1391206036,10
14,58,1391206036,410
11,122,1391206038,463
13,351,1391206039,361
12,311,1391206039,435
10,59,1391206039,329
37,234,1391206040,311
16,105,1391206041,321
24,318,1391206042,379
23,321,1391206043,5
17,331,1391206044,119
33,135,1391206044,166
29,298,1391206044,241
30,232,1391206045,496
35,132,1391206046,157
40,53,1391206047,194
43,224,1391206047,49
39,281,1391206048,70
2,187,1391206050,253
14,58,1391206051,66
31,315,1391206051,364
4,89,1391206051,177
6,191,1391206051,341
10,59,1391206054,253
37,234,1391206054,247
12,311,1391206054,145
18,362,1391206054,277
16,105,1391206056,274
19,188,1391206056,358
23,321,1391206058,349
24,318,1391206058,23
25,317,1391206058,288
30,232,1391206059,299
29,298,1391206060,361
34,248,1391206060,420
31,315,1391206061,307
39,281,1391206061,88
41,257,1391206062,27
2,187,1391206065,77
18,362,1391206070,14
16,105,1391206071,0
19,188,1391206072,402
24,318,1391206073,47
31,315,1391206074,424
12,311,1391206075,459
30,232,1391206075,290
34,248,1391206076,113
41,257,1391206077,458
8,341,1391206078,438
13,351,1391206078,311
2,187,1391206080,483
9,260,1391206083,57
12,311,1391206085,194
16,105,1391206086,389
24,318,1391206087,307
19,188,1391206089,451
29,298,1391206089,76
33,135,1391206089,79
31,315,1391206089,59
30,232,1391206089,458
36,104,1391206090,411
34,248,1391206091,477
18,362,1391206091,494
40,53,1391206091,415
48,365,1391206093,427
2,187,1391206096,365
9,260,1391206097,405
11,122,1391206099,478
18,362,1391206099,224
12,311,1391206101,415
19,188,1391206101,125
16,105,1391206102,326
24,318,1391206102,424
30,232,1391206104,442
31,315,1391206104,291
32,2,1391206105,289
34,248,1391206105,104
41,257,1391206107,216
48,365,1391206108,474
45,174,1391206108,428
40,53,1391206108,269
1,156,1391206110,175
44,178,1391206112,184
22,361,1391206113,314
9,260,1391206113,347
12,311,1391206114,441
16,105,1391206116,401
18,362,1391206116,124
19,188,1391206116,381
24,318,1391206117,360
29,298,1391206119,204
30,232,1391206121,366
31,315,1391206122,462
8,341,1391206122,251
40,53,1391206122,445
48,365,1391206123,46
41,257,1391206123,290
50,228,1391206124,360
2,187,1391206125,385
3,297,1391206126,282
4,89,1391206128,265
22,361,1391206129,384
13,351,1391206129,76
12,311,1391206129,300
11,122,1391206129,24
10,59,1391206129,77
16,105,1391206131,145
24,318,1391206132,349
19,188,1391206132,326
25,317,1391206133,483
17,331,1391206134,394
31,315,1391206134,387
32,2,1391206135,60
35,132,1391206135,261
40,53,1391206136,385
41,257,1391206137,435
45,174,1391206138,364
2,187,1391206141,221
22,361,1391206143,155
11,122,1391206143,311
18,362,1391206144,496
12,311,1391206145,247
47,291,1391206145,233
16,105,1391206146,290
19,188,1391206147,194
43,224,1391206148,84
31,315,1391206149,151
24,318,1391206149,387
40,53,1391206152,221
38,357,1391206152,13
8,341,1391206152,321
41,257,1391206152,145
45,174,1391206153,132
50,228,1391206153,59
6,191,1391206156,260
22,361,1391206158,311
35,132,1391206158,74
41,257,1391206159,155
18,362,1391206159,290
11,122,1391206160,97
16,105,1391206161,458
19,188,1391206161,415
24,318,1391206162,151
40,53,1391206166,365
8,341,1391206167,274
34,248,1391206168,297
48,365,1391206168,175
50,228,1391206169,424
45,174,1391206169,220
41,257,1391206170,459
11,122,1391206174,366
13,351,1391206174,235
37,234,1391206174,24
18,362,1391206174,435
19,188,1391206176,269
24,318,1391206177,414
23,321,1391206178,291
22,361,1391206178,97
16,105,1391206180,442
40,53,1391206181,483
17,331,1391206182,205
38,357,1391206182,262
41,257,1391206183,401
8,341,1391206183,0
1,156,1391206185,46
2,187,1391206186,422
4,89,1391206188,2
13,351,1391206189,61
12,311,1391206189,96
18,362,1391206190,145
37,234,1391206190,378
16,105,1391206191,366
19,188,1391206191,310
24,318,1391206193,51
30,232,1391206194,216
33,135,1391206194,188
35,132,1391206196,324
8,341,1391206197,389
40,53,1391206197,288
45,174,1391206198,203
41,257,1391206199,415
11,122,1391206203,442
13,351,1391206204,137
49,94,1391206205,276
16,105,1391206206,311
19,188,1391206206,445
35,132,1391206207,363
33,135,1391206209,255
34,248,1391206211,121
8,341,1391206212,194
41,257,1391206212,441
42,37,1391206213,449
40,53,1391206213,53
48,365,1391206213,111
44,178,1391206214,287
45,174,1391206214,467
1,156,1391206215,474
3,297,1391206216,400
11,122,1391206218,458
13,351,1391206219,386
18,362,1391206219,459
37,234,1391206220,155
19,188,1391206221,493
35,132,1391206223,338
30,232,1391206224,435
43,224,1391206224,7
17,331,1391206224,416
40,53,1391206227,77
41,257,1391206227,445
21,352,1391206227,475
46,61,1391206228,288
45,174,1391206228,371
4,89,1391206233,148
18,362,1391206234,194
37,234,1391206235,384
19,188,1391206236,55
35,132,1391206237,132
24,318,1391206237,312
27,295,1391206238,286
17,331,1391206239,304
30,232,1391206239,145
41,257,1391206242,493
45,174,1391206243,321
37,234,1391206249,314
11,122,1391206249,299
18,362,1391206250,389
13,351,1391206250,277
7,343,1391206250,346
16,105,1391206254,155
30,232,1391206254,459
32,2,1391206255,197
8,341,1391206257,290
44,178,1391206258,77
45,174,1391206259,162
11,122,1391206263,290
13,351,1391206264,14
37,234,1391206264,478
18,362,1391206266,185
16,105,1391206266,384
24,318,1391206267,316
30,232,1391206269,194
29,298,1391206269,61
31,315,1391206269,115
32,2,1391206270,490
8,341,1391206272,216
41,257,1391206272,55
49,94,1391206272,393
45,174,1391206273,0
50,228,1391206273,349
48,365,1391206273,201
44,178,1391206274,288
9,260,1391206276,424
3,297,1391206278,267
6,191,1391206279,129
11,122,1391206279,435
18,362,1391206279,465
47,291,1391206280,68
13,351,1391206280,494
16,105,1391206281,314
24,318,1391206282,287
9,260,1391206282,59
29,298,1391206284,137
30,232,1391206284,415
31,315,1391206285,392
32,2,1391206285,309
34,248,1391206285,332
21,352,1391206287,257
48,365,1391206288,298
45,174,1391206288,389
50,228,1391206288,462
44,178,1391206289,365
8,341,1391206289,27
4,89,1391206293,272
11,122,1391206294,145
13,351,1391206294,224
18,362,1391206294,397
15,196,1391206295,346
35,132,1391206297,364
24,318,1391206297,423
9,260,1391206297,360
51,259,1391206299,173
33,135,1391206299,215
29,298,1391206299,386
31,315,1391206299,219
32,2,1391206300,464
16,105,1391206301,63
8,341,1391206302,318
21,352,1391206302,385
48,365,1391206303,38
50,228,1391206303,387
44,178,1391206304,221
45,174,1391206306,326
11,122,1391206308,459
7,343,1391206308,428
49,94,1391206310,198
16,105,1391206311,39
24,318,1391206312,28
9,260,1391206313,349
17,331,1391206314,137
32,2,1391206315,317
8,341,1391206317,366
50,228,1391206318,369
45,174,1391206318,134
35,132,1391206318,307
44,178,1391206319,385
7,343,1391206322,47
3,297,1391206322,467
11,122,1391206323,194
13,351,1391206324,156
15,196,1391206325,110
49,94,1391206325,75
35,132,1391206327,59
9,260,1391206327,387
24,318,1391206327,156
29,298,1391206329,277
21,352,1391206332,365
45,174,1391206333,381
34,248,1391206333,70
50,228,1391206333,51
6,191,1391206337,227
3,297,1391206337,371
11,122,1391206339,415
10,59,1391206339,53
15,196,1391206340,428
24,318,1391206342,224
9,260,1391206342,151
26,368,1391206343,254
35,132,1391206344,291
32,2,1391206345,285
21,352,1391206347,483
8,341,1391206348,457
1,156,1391206350,297
11,122,1391206353,441
7,343,1391206355,364
49,94,1391206356,382
35,132,1391206357,462
3,297,1391206357,321
24,318,1391206358,124
26,368,1391206358,245
29,298,1391206359,14
9,260,1391206360,369
32,2,1391206360,63
39,281,1391206361,436
38,357,1391206362,127
21,352,1391206362,179
41,257,1391206362,348
45,174,1391206363,125
2,187,1391206366,348
3,297,1391206366,162
4,89,1391206368,391
13,351,1391206369,28
10,59,1391206369,483
37,234,1391206370,63
15,196,1391206370,47
49,94,1391206370,150
11,122,1391206371,269
19,188,1391206371,348
7,343,1391206374,424
29,298,1391206374,494
21,352,1391206377,253
50,228,1391206378,312
45,174,1391206379,451
3,297,1391206381,0
7,343,1391206382,59
11,122,1391206383,445
13,351,1391206384,270
37,234,1391206385,487
10,59,1391206385,365
49,94,1391206386,266
23,321,1391206387,407
18,362,1391206388,81
17,331,1391206390,61
51,259,1391206391,341
5,79,1391206392,461
47,291,1391206393,98
50,228,1391206393,316
44,178,1391206394,422
3,297,1391206396,389
7,343,1391206396,291
11,122,1391206398,385
10,59,1391206399,221
37,234,1391206399,266
49,94,1391206400,487
16,105,1391206401,472
35,132,1391206402,225
24,318,1391206403,496
25,317,1391206403,365
17,331,1391206404,406
26,368,1391206405,97
32,2,1391206405,314
44,178,1391206409,493
5,79,1391206409,99
50,228,1391206410,423
7,343,1391206411,462
11,122,1391206413,267
10,59,1391206414,385
37,234,1391206414,419
49,94,1391206415,430
24,318,1391206417,299
9,260,1391206417,210
30,232,1391206419,441
38,357,1391206423,426
15,196,1391206423,307
48,365,1391206423,284
45,174,1391206423,383
50,228,1391206423,28
32,2,1391206425,472
1,156,1391206425,211
3,297,1391206426,465
7,343,1391206427,387
11,122,1391206429,469
37,234,1391206429,150
12,311,1391206429,42
49,94,1391206430,63
9,260,1391206432,362
25,317,1391206433,221
51,259,1391206434,260
30,232,1391206434,321
32,2,1391206435,155
24,318,1391206436,216
41,257,1391206437,251
21,352,1391206437,287
45,174,1391206438,491
50,228,1391206438,156
44,178,1391206439,55
15,196,1391206439,424
6,191,1391206442,136
11,122,1391206443,392
10,59,1391206444,437
37,234,1391206444,382
7,343,1391206446,369
19,188,1391206447,441
24,318,1391206447,27
25,317,1391206448,385
30,232,1391206449,274
33,135,1391206449,393
32,2,1391206450,311
49,94,1391206450,478
17,331,1391206451,471
21,352,1391206452,184
45,174,1391206453,497
50,228,1391206453,224
7,343,1391206457,414
11,122,1391206459,475
10,59,1391206459,445
49,94,1391206461,230
24,318,1391206462,318
25,317,1391206463,267
30,232,1391206464,0
32,2,1391206465,97
42,37,1391206467,467
41,257,1391206467,437
17,331,1391206467,200
21,352,1391206468,28
47,291,1391206468,4
45,174,1391206469,86
2,187,1391206470,435
3,297,1391206471,191
50,228,1391206471,124
11,122,1391206473,362
10,59,1391206474,467
7,343,1391206474,335
49,94,1391206475,412
16,105,1391206476,97
19,188,1391206477,321
24,318,1391206477,97
25,317,1391206478,469
9,260,1391206478,475
29,298,1391206479,164
30,232,1391206480,389
32,2,1391206480,318
23,321,1391206482,438
41,257,1391206482,267
42,37,1391206482,371
35,132,1391206483,295
50,228,1391206483,476
15,196,1391206484,360
1,156,1391206487,473
6,191,1391206487,353
17,331,1391206488,120
10,59,1391206488,441
11,122,1391206488,414
37,234,1391206490,388
49,94,1391206491,107
19,188,1391206491,274
24,318,1391206492,311
9,260,1391206493,115
25,317,1391206493,115
26,368,1391206494,311
33,135,1391206494,198
32,2,1391206494,254
30,232,1391206494,326
29,298,1391206495,496
23,321,1391206497,445
41,257,1391206497,257
42,37,1391206497,321
17,331,1391206498,419
50,228,1391206498,217
15,196,1391206499,462
40,53,1391206500,436
2,187,1391206500,290
7,343,1391206502,244
11,122,1391206503,335
10,59,1391206504,321
37,234,1391206504,75
49,94,1391206506,306
19,188,1391206506,162
9,260,1391206507,342
35,132,1391206507,128
25,317,1391206508,362
26,368,1391206509,155
29,298,1391206510,290
23,321,1391206512,208
41,257,1391206512,342
42,37,1391206512,274
21,352,1391206512,156
5,79,1391206512,369
46,61,1391206513,483
15,196,1391206514,151
1,156,1391206515,377
2,187,1391206515,458
17,331,1391206516,150
6,191,1391206516,284
3,297,1391206518,34
10,59,1391206518,274
11,122,1391206519,187
33,135,1391206520,75
18,362,1391206520,456
35,132,1391206522,374
19,188,1391206522,0
9,260,1391206522,257
50,228,1391206523,174
33,135,1391206524,388
29,298,1391206524,435
39,281,1391206526,179
41,257,1391206527,475
23,321,1391206527,441
17,331,1391206527,309
5,79,1391206529,210
15,196,1391206529,369
1,156,1391206530,26
2,187,1391206530,27
6,191,1391206532,38
10,59,1391206534,162
49,94,1391206536,278
19,188,1391206536,185
11,122,1391206537,454
9,260,1391206537,438
25,317,1391206538,210
28,197,1391206539,162
33,135,1391206539,382
37,234,1391206539,440
29,298,1391206539,145
32,2,1391206539,66
35,132,1391206541,110
5,79,1391206542,362
17,331,1391206542,492
41,257,1391206542,362
42,37,1391206543,0
44,178,1391206544,348
24,318,1391206544,247
15,196,1391206544,414
2,187,1391206545,318
1,156,1391206546,352
7,343,1391206548,242
13,351,1391206549,329
18,362,1391206550,134
49,94,1391206550,206
35,132,1391206552,189
25,317,1391206553,414
26,368,1391206554,384
51,259,1391206554,129
32,2,1391206554,217
29,298,1391206555,459
33,135,1391206556,150
5,79,1391206557,475
23,321,1391206557,321
41,257,1391206557,210
21,352,1391206557,124
45,174,1391206558,142
42,37,1391206558,389
15,196,1391206560,51
2,187,1391206560,366
6,191,1391206562,298
11,122,1391206563,482
13,351,1391206564,423
18,362,1391206565,326
37,234,1391206566,396
19,188,1391206566,134
9,260,1391206567,385
26,368,1391206569,314
29,298,1391206569,401
28,197,1391206569,0
33,135,1391206569,487
5,79,1391206572,115
42,37,1391206572,326
41,257,1391206573,414
44,178,1391206573,415
15,196,1391206575,312
3,297,1391206576,420
13,351,1391206579,253
9,260,1391206583,437
38,357,1391206583,37
26,368,1391206584,63
28,197,1391206584,389
29,298,1391206584,194
42,37,1391206587,134
32,2,1391206587,476
23,321,1391206587,0
5,79,1391206587,342
21,352,1391206587,343
47,291,1391206588,109
15,196,1391206589,316
45,174,1391206590,306
2,187,1391206590,410
1,156,1391206590,195
7,343,1391206591,167
10,59,1391206594,363
11,122,1391206594,161
16,105,1391206597,435
9,260,1391206597,445
17,331,1391206599,409
5,79,1391206602,257
50,228,1391206603,343
44,178,1391206603,441
15,196,1391206605,287
9,260,1391206607,300
18,362,1391206609,274
2,187,1391206609,66
49,94,1391206610,455
25,317,1391206613,335
28,197,1391206614,326
51,259,1391206615,227
17,331,1391206615,258
23,321,1391206617,389
41,257,1391206617,335
42,37,1391206617,381
33,135,1391206618,200
44,178,1391206619,445
45,174,1391206619,278
5,79,1391206620,267
1,156,1391206620,344
6,191,1391206621,201
29,298,1391206624,389
37,234,1391206624,32
11,122,1391206624,333
16,105,1391206629,459
26,368,1391206629,487
28,197,1391206629,194
33,135,1391206629,444
30,232,1391206629,381
8,341,1391206632,458
23,321,1391206632,326
5,79,1391206632,407
50,228,1391206633,164
44,178,1391206634,467
3,297,1391206636,113
40,53,1391206637,209
31,315,1391206638,342
32,2,1391206639,164
29,298,1391206639,326
10,59,1391206639,338
12,311,1391206639,286
37,234,1391206640,408
13,351,1391206640,77
18,362,1391206640,0
28,197,1391206644,415
25,317,1391206644,187
30,232,1391206644,125
23,321,1391206647,401
41,257,1391206647,244
8,341,1391206647,442
42,37,1391206648,125
50,228,1391206648,496
44,178,1391206649,203
15,196,1391206649,416
17,331,1391206650,213
7,343,1391206651,31
1,156,1391206652,306
13,351,1391206654,209
10,59,1391206654,132
18,362,1391206654,162
26,368,1391206658,266
28,197,1391206659,251
33,135,1391206659,430
25,317,1391206659,454
30,232,1391206660,451
35,132,1391206662,346
42,37,1391206662,451
3,297,1391206666,477
7,343,1391206666,461
17,331,1391206666,138
29,298,1391206668,134
10,59,1391206669,47
13,351,1391206669,365
12,311,1391206669,52
37,234,1391206669,118
18,362,1391206670,363
28,197,1391206674,437
22,361,1391206674,378
42,37,1391206679,383
1,156,1391206680,107
3,297,1391206681,229
10,59,1391206684,428
13,351,1391206684,221
29,298,1391206685,381
37,234,1391206685,218
25,317,1391206688,482
28,197,1391206689,385
51,259,1391206689,136
22,361,1391206690,230
23,321,1391206692,290
50,228,1391206694,290
1,156,1391206695,498
17,331,1391206697,328
13,351,1391206699,385
37,234,1391206700,468
6,191,1391206702,111
26,368,1391206704,120
28,197,1391206704,267
22,361,1391206705,249
23,321,1391206707,216
42,37,1391206707,491
45,174,1391206708,89
44,178,1391206708,371
50,228,1391206708,435
1,156,1391206710,293
29,298,1391206714,125
10,59,1391206714,379
37,234,1391206714,331
35,132,1391206717,428
28,197,1391206719,438
30,232,1391206719,402
22,361,1391206720,107
16,105,1391206722,96
23,321,1391206722,27
8,341,1391206723,252
50,228,1391206723,145
44,178,1391206723,321
37,234,1391206730,92
49,94,1391206731,26
10,59,1391206731,347
25,317,1391206733,161
30,232,1391206734,358
31,315,1391206734,441
23,321,1391206737,330
42,37,1391206738,252
50,228,1391206738,459
44,178,1391206740,274
1,156,1391206741,143
6,191,1391206742,175
13,351,1391206744,438
10,59,1391206744,147
32,2,1391206744,337
18,362,1391206745,338
29,298,1391206745,451
49,94,1391206746,320
28,197,1391206749,469
31,315,1391206749,274
25,317,1391206749,333
30,232,1391206750,178
22,361,1391206750,498
8,341,1391206752,350
42,37,1391206752,350
41,257,1391206752,242
48,365,1391206753,283
50,228,1391206753,401
44,178,1391206754,0
3,297,1391206756,427
17,331,1391206757,83
13,351,1391206759,469
18,362,1391206759,132
28,197,1391206764,165
51,259,1391206764,353
30,232,1391206764,236
31,315,1391206764,0
22,361,1391206765,293
8,341,1391206767,497
41,257,1391206767,123
23,321,1391206767,366
42,37,1391206767,497
45,174,1391206768,380
46,61,1391206769,385
44,178,1391206769,389
1,156,1391206770,238
3,297,1391206771,474
50,228,1391206772,194
13,351,1391206774,165
37,234,1391206774,376
32,2,1391206774,458
49,94,1391206775,112
35,132,1391206777,47
22,361,1391206781,450
25,317,1391206781,12
23,321,1391206782,245
21,352,1391206782,476
45,174,1391206783,320
31,315,1391206783,389
50,228,1391206783,441
41,257,1391206783,387
44,178,1391206784,326
1,156,1391206785,490
3,297,1391206786,46
32,2,1391206789,299
18,362,1391206790,364
29,298,1391206790,402
16,105,1391206790,251
33,135,1391206794,39
31,315,1391206794,326
8,341,1391206797,86
41,257,1391206797,225
21,352,1391206797,241
50,228,1391206798,251
44,178,1391206799,134
15,196,1391206799,304
1,156,1391206801,197
7,343,1391206802,99
30,232,1391206804,249
29,298,1391206805,358
18,362,1391206805,447
28,197,1391206809,392
22,361,1391206810,89
5,79,1391206812,385
41,257,1391206812,403
27,295,1391206813,208
15,196,1391206814,137
3,297,1391206816,175
44,178,1391206816,381
6,191,1391206816,46
1,156,1391206818,60
4,89,1391206818,78
34,248,1391206818,283
12,311,1391206819,310
18,362,1391206820,23
29,298,1391206820,178
33,135,1391206824,472
31,315,1391206824,381
22,361,1391206824,380
8,341,1391206827,142
41,257,1391206827,128
16,105,1391206827,162
23,321,1391206827,116
46,61,1391206828,267
47,291,1391206828,11
44,178,1391206828,125
50,228,1391206829,445
15,196,1391206829,386
12,311,1391206834,208
30,232,1391206836,412
27,295,1391206838,251
33,135,1391206839,384
31,315,1391206840,125
22,361,1391206840,320
8,341,1391206842,344
21,352,1391206842,361
42,37,1391206842,6
46,61,1391206843,438
50,228,1391206843,385
44,178,1391206843,451
17,331,1391206848,481
13,351,1391206849,115
29,298,1391206850,236
41,257,1391206852,374
25,317,1391206853,488
27,295,1391206853,441
30,232,1391206854,107
33,135,1391206854,155
8,341,1391206857,195
42,37,1391206857,86
50,228,1391206858,257
15,196,1391206860,277
35,132,1391206861,360
35,132,1391206867,349
51,259,1391206869,234
33,135,1391206869,311
31,315,1391206870,451
21,352,1391206872,76
46,61,1391206873,475
13,351,1391206873,362
50,228,1391206873,342
44,178,1391206874,383
15,196,1391206874,14
7,343,1391206876,210
32,2,1391206879,194
30,232,1391206880,498
29,298,1391206880,249
25,317,1391206883,340
33,135,1391206884,97
27,295,1391206885,321
46,61,1391206888,362
48,365,1391206888,121
44,178,1391206889,491
15,196,1391206889,494
7,343,1391206891,362
21,352,1391206895,204
30,232,1391206895,293
24,318,1391206898,155
26,368,1391206899,200
31,315,1391206899,402
33,135,1391206899,366
36,104,1391206901,1
44,178,1391206904,350
15,196,1391206904,224
7,343,1391206906,475
13,351,1391206906,210
29,298,1391206907,142
30,232,1391206910,143
32,2,1391206911,445
35,132,1391206912,151
27,295,1391206913,162
28,197,1391206914,115
31,315,1391206915,358
25,317,1391206915,85
33,135,1391206915,442
5,79,1391206917,437
46,61,1391206918,210
48,365,1391206918,211
44,178,1391206919,86
2,187,1391206921,259
13,351,1391206923,414
32,2,1391206925,467
49,94,1391206926,352
30,232,1391206926,238
25,317,1391206928,368
26,368,1391206928,444
28,197,1391206929,5
33,135,1391206929,216
31,315,1391206929,178
5,79,1391206932,445
23,321,1391206932,471
46,61,1391206933,414
15,196,1391206934,124
35,132,1391206935,369
32,2,1391206939,220
37,234,1391206940,425
33,135,1391206941,458
27,295,1391206943,363
21,352,1391206943,235
30,232,1391206944,490
28,197,1391206944,190
7,343,1391206944,115
5,79,1391206947,467
16,105,1391206948,216
34,248,1391206953,474
7,343,1391206954,392
49,94,1391206957,195
21,352,1391206958,386
33,135,1391206959,290
27,295,1391206959,324
31,315,1391206960,236
5,79,1391206962,371
6,191,1391206963,427
48,365,1391206963,473
15,196,1391206964,496
32,2,1391206969,132
49,94,1391206972,6
27,295,1391206973,74
21,352,1391206973,277
12,311,1391206974,251
33,135,1391206974,435
41,257,1391206976,110
5,79,1391206977,321
48,365,1391206978,26
35,132,1391206979,316
15,196,1391206979,435
34,248,1391206983,427
7,343,1391206983,219
29,298,1391206985,412
49,94,1391206985,86
37,234,1391206985,19
21,352,1391206988,14
26,368,1391206988,116
51,259,1391206989,296
33,135,1391206989,145
31,315,1391206989,249
41,257,1391206991,189
8,341,1391206992,491
5,79,1391206992,162
23,321,1391206993,174
44,178,1391206994,142
15,196,1391206997,145
12,311,1391206999,321
10,59,1391207000,56
32,2,1391207002,364
21,352,1391207003,429
26,368,1391207003,471
31,315,1391207004,412
33,135,1391207004,459
5,79,1391207007,0
42,37,1391207008,415
15,196,1391207009,459
13,351,1391207012,335
10,59,1391207014,447
32,2,1391207014,424
21,352,1391207019,494
33,135,1391207021,194
8,341,1391207022,383
5,79,1391207022,389
42,37,1391207022,441
48,365,1391207023,320
6,191,1391207023,104
46,61,1391207024,244
15,196,1391207026,194
13,351,1391207026,187
32,2,1391207029,360
12,311,1391207030,274
21,352,1391207033,224
51,259,1391207034,171
31,315,1391207034,107
33,135,1391207035,415
5,79,1391207037,401
8,341,1391207037,451
42,37,1391207038,251
15,196,1391207039,415
3,297,1391207041,104
29,298,1391207043,107
10,59,1391207044,261
12,311,1391207044,162
32,2,1391207044,349
49,94,1391207047,497
38,357,1391207048,390
30,232,1391207051,197
33,135,1391207051,441
8,341,1391207052,125
31,315,1391207052,498
5,79,1391207052,381
42,37,1391207052,96
15,196,1391207054,269
14,58,1391207056,259
34,248,1391207058,229
29,298,1391207058,306
32,2,1391207059,462
12,311,1391207059,0
49,94,1391207060,350
9,260,1391207063,96
26,368,1391207063,174
33,135,1391207064,300
8,341,1391207067,381
31,315,1391207067,293
15,196,1391207070,42
49,94,1391207076,252
12,311,1391207076,389
21,352,1391207078,329
26,368,1391207078,476
33,135,1391207079,437
31,315,1391207079,143
30,232,1391207080,492
8,341,1391207082,134
42,37,1391207082,445
48,365,1391207083,112
6,191,1391207083,477
44,178,1391207084,306
15,196,1391207084,445
5,79,1391207085,125
32,2,1391207089,225
49,94,1391207090,178
10,59,1391207091,157
13,351,1391207093,99
38,357,1391207093,279
21,352,1391207093,423
6,191,1391207098,113
15,196,1391207101,467
5,79,1391207102,451
34,248,1391207104,168
32,2,1391207104,403
12,311,1391207104,401
49,94,1391207105,366
33,135,1391207109,385
13,351,1391207109,167
31,315,1391207110,238
22,361,1391207110,112
47,291,1391207113,214
15,196,1391207114,203
44,178,1391207114,344
32,2,1391207119,271
26,368,1391207123,343
27,295,1391207124,261
33,135,1391207124,267
15,196,1391207130,220
32,2,1391207134,346
38,357,1391207138,315
26,368,1391207139,337
23,321,1391207142,476
45,174,1391207143,112
15,196,1391207145,132
46,61,1391207146,242
40,53,1391207148,303
49,94,1391207152,254
21,352,1391207153,77
31,315,1391207154,490
23,321,1391207157,343
8,341,1391207157,445
40,53,1391207161,495
12,311,1391207161,216
5,79,1391207162,178
27,295,1391207167,157
49,94,1391207167,410
38,357,1391207168,489
33,135,1391207170,33
23,321,1391207172,124
8,341,1391207173,385
16,105,1391207173,430
6,191,1391207173,34
44,178,1391207174,497
10,59,1391207179,40
12,311,1391207180,27
49,94,1391207180,66
38,357,1391207183,405
21,352,1391207183,303
15,196,1391207190,364
42,37,1391207190,47
16,105,1391207190,487
5,79,1391207192,236
12,311,1391207195,318
49,94,1391207195,217
30,232,1391207199,60
31,315,1391207201,60
41,257,1391207201,346
48,365,1391207203,455
16,105,1391207203,266
40,53,1391207206,237
46,61,1391207207,99
5,79,1391207207,249
27,295,1391207210,57
38,357,1391207213,347
21,352,1391207213,237
49,94,1391207214,476
28,197,1391207214,362
16,105,1391207218,150
5,79,1391207222,412
15,196,1391207224,59
49,94,1391207225,124
27,295,1391207227,315
38,357,1391207228,379
26,368,1391207228,217
8,341,1391207232,469
48,365,1391207233,206
16,105,1391207233,388
15,196,1391207234,291
40,53,1391207236,270
46,61,1391207236,167
4,89,1391207238,301
10,59,1391207239,351
27,295,1391207241,279
36,104,1391207245,280
8,341,1391207247,115
48,365,1391207248,352
16,105,1391207250,75
40,53,1391207252,496
5,79,1391207255,107
27,295,1391207255,417
49,94,1391207256,270
28,197,1391207259,51
31,315,1391207259,122
8,341,1391207262,475
16,105,1391207263,440
45,174,1391207263,107
4,89,1391207268,69
34,248,1391207268,281
40,53,1391207269,299
38,357,1391207273,56
26,368,1391207273,124
31,315,1391207275,375
8,341,1391207277,362
45,174,1391207278,498
15,196,1391207279,349
44,178,1391207281,194
40,53,1391207281,216
46,61,1391207281,31
5,79,1391207282,498
29,298,1391207284,498
4,89,1391207285,181
49,94,1391207288,329
38,357,1391207291,23
8,341,1391207292,210
45,174,1391207293,143
46,61,1391207297,433
40,53,1391207297,27
5,79,1391207297,293
29,298,1391207298,293
10,59,1391207299,399
27,295,1391207300,390
49,94,1391207301,423
8,341,1391207307,335
6,191,1391207308,446
44,178,1391207309,185
40,53,1391207311,330
5,79,1391207312,450
32,2,1391207314,189
49,94,1391207316,253
38,357,1391207318,449
28,197,1391207319,316
22,361,1391207319,455
41,257,1391207321,428
16,105,1391207323,396
40,53,1391207326,366
5,79,1391207327,154
32,2,1391207329,428
6,191,1391207329,439
49,94,1391207331,287
17,331,1391207332,44
26,368,1391207334,216
28,197,1391207334,287
8,341,1391207337,244
47,291,1391207338,370
6,191,1391207338,432
37,234,1391207342,198
16,105,1391207347,32
26,368,1391207348,458
25,317,1391207349,452
43,224,1391207349,100
22,361,1391207350,206
41,257,1391207353,47
6,191,1391207353,81
16,105,1391207353,408
31,315,1391207353,398
49,94,1391207354,77
40,53,1391207356,311
3,297,1391207356,415
37,234,1391207357,393
5,79,1391207357,273
29,298,1391207358,143
10,59,1391207358,153
32,2,1391207359,47
23,321,1391207368,247
6,191,1391207368,397
22,361,1391207368,352
16,105,1391207370,118
40,53,1391207371,155
46,61,1391207372,73
29,298,1391207373,238
49,94,1391207376,88
19,188,1391207376,378
28,197,1391207379,253
31,315,1391207379,240
25,317,1391207380,242
23,321,1391207382,378
6,191,1391207384,465
45,174,1391207384,238
3,297,1391207387,251
12,311,1391207391,430
8,341,1391207393,123
17,331,1391207393,154
28,197,1391207394,28
21,352,1391207394,221
41,257,1391207396,132
34,248,1391207396,484
15,196,1391207399,423
6,191,1391207399,456
16,105,1391207399,218
45,174,1391207399,289
40,53,1391207401,384
29,298,1391207404,490
25,317,1391207404,225
12,311,1391207405,487
8,341,1391207407,387
8,341,1391207408,225
30,232,1391207409,154
28,197,1391207409,156
51,259,1391207409,140
17,331,1391207410,450
41,257,1391207411,220
23,321,1391207412,230
48,365,1391207413,297
45,174,1391207413,122
16,105,1391207413,331
6,191,1391207413,185
15,196,1391207414,28
40,53,1391207417,472
25,317,1391207420,403
30,232,1391207424,450
28,197,1391207424,277
8,341,1391207425,182
47,291,1391207428,152
6,191,1391207428,194
15,196,1391207429,156
45,174,1391207430,240
40,53,1391207432,314
3,297,1391207433,385
12,311,1391207435,266
25,317,1391207436,128
19,188,1391207436,39
22,361,1391207439,26
28,197,1391207439,304
8,341,1391207440,128
48,365,1391207443,104
45,174,1391207443,398
6,191,1391207443,415
2,187,1391207446,217
32,2,1391207450,441
17,331,1391207452,89
28,197,1391207454,137
31,315,1391207455,309
41,257,1391207456,203
6,191,1391207459,269
25,317,1391207461,271
40,53,1391207462,39
29,298,1391207464,197
32,2,1391207464,321
12,311,1391207465,419
17,331,1391207468,278
19,188,1391207468,430
21,352,1391207468,437
22,361,1391207469,473
30,232,1391207470,89
6,191,1391207473,445
16,105,1391207474,92
31,315,1391207474,150
40,53,1391207476,308
32,2,1391207479,274
34,248,1391207479,250
12,311,1391207481,150
30,232,1391207484,380
31,315,1391207484,419
22,361,1391207485,211
51,259,1391207486,256
41,257,1391207486,460
23,321,1391207487,249
45,174,1391207488,176
2,187,1391207490,124
40,53,1391207491,486
34,248,1391207493,153
29,298,1391207494,492
32,2,1391207495,0
12,311,1391207495,382
17,331,1391207496,306
19,188,1391207496,266
30,232,1391207499,320
28,197,1391207499,61
21,352,1391207499,220
41,257,1391207501,467
31,315,1391207502,487
45,174,1391207503,355
40,53,1391207507,464
7,343,1391207508,82
32,2,1391207509,389
17,331,1391207512,142
24,318,1391207513,366
28,197,1391207514,406
31,315,1391207514,200
22,361,1391207515,90
12,311,1391207516,388
23,321,1391207517,306
50,228,1391207518,267
47,291,1391207518,43
40,53,1391207521,309
32,2,1391207524,326
12,311,1391207525,75
17,331,1391207527,86
26,368,1391207528,435
31,315,1391207530,471
41,257,1391207531,274
22,361,1391207532,121
50,228,1391207533,437
16,105,1391207533,172
29,298,1391207538,149
32,2,1391207539,401
27,295,1391207540,405
17,331,1391207542,497
24,318,1391207543,245
28,197,1391207544,471
31,315,1391207545,406
41,257,1391207546,0
7,343,1391207546,187
16,105,1391207548,485
6,191,1391207548,437
2,187,1391207550,14
4,89,1391207553,105
40,53,1391207553,490
29,298,1391207555,75
12,311,1391207555,440
24,318,1391207557,116
17,331,1391207557,350
27,295,1391207558,347
26,368,1391207559,145
28,197,1391207559,200
22,361,1391207560,283
41,257,1391207562,389
2,187,1391207565,277
5,79,1391207567,44
35,132,1391207572,404
26,368,1391207573,459
28,197,1391207574,120
41,257,1391207576,326
23,321,1391207577,89
21,352,1391207577,47
6,191,1391207578,220
35,132,1391207580,228
45,174,1391207581,192
7,343,1391207582,434
34,248,1391207584,13
32,2,1391207584,290
24,318,1391207587,471
26,368,1391207589,194
51,259,1391207589,29
21,352,1391207589,447
31,315,1391207589,61
47,291,1391207593,264
23,321,1391207593,380
6,191,1391207593,203
4,89,1391207598,17
12,311,1391207600,396
24,318,1391207602,361
17,331,1391207603,252
21,352,1391207603,338
43,224,1391207604,243
13,351,1391207605,31
8,341,1391207605,271
46,61,1391207605,470
23,321,1391207608,320
16,105,1391207608,263
48,365,1391207608,377
50,228,1391207609,321
19,188,1391207610,334
2,187,1391207610,292
21,352,1391207618,261
32,2,1391207618,27
24,318,1391207619,204
17,331,1391207619,383
29,298,1391207620,359
50,228,1391207624,274
40,53,1391207627,60
27,295,1391207630,379
20,172,1391207631,430
17,331,1391207633,451
24,318,1391207633,61
51,259,1391207634,102
26,368,1391207634,274
22,361,1391207635,268
50,228,1391207638,0
16,105,1391207639,91
20,172,1391207646,487
49,94,1391207646,209
27,295,1391207646,428
17,331,1391207648,125
21,352,1391207648,157
33,135,1391207650,282
6,191,1391207653,132
7,343,1391207653,119
50,228,1391207654,389
31,315,1391207655,137
20,172,1391207661,266
49,94,1391207661,483
12,311,1391207662,32
17,331,1391207663,381
31,315,1391207664,304
13,351,1391207665,470
22,361,1391207666,15
50,228,1391207668,185
16,105,1391207668,339
41,257,1391207668,330
6,191,1391207669,47
12,311,1391207675,408
49,94,1391207676,365
24,318,1391207678,137
26,368,1391207679,363
27,295,1391207679,47
31,315,1391207682,292
50,228,1391207683,465
6,191,1391207685,307
2,187,1391207686,275
41,257,1391207686,366
40,53,1391207686,375
49,94,1391207691,221
20,172,1391207691,120
27,295,1391207691,220
21,352,1391207693,315
17,331,1391207693,134
51,259,1391207694,78
22,361,1391207697,95
7,343,1391207698,319
50,228,1391207698,397
45,174,1391207698,3
6,191,1391207699,424
10,59,1391207703,74
5,79,1391207705,332
27,295,1391207705,467
49,94,1391207706,385
17,331,1391207708,326
26,368,1391207709,324
50,228,1391207713,432
41,257,1391207713,410
15,196,1391207714,164
6,191,1391207715,360
2,187,1391207715,466
34,248,1391207718,186
19,188,1391207718,79
12,311,1391207720,118
24,318,1391207722,304
17,331,1391207723,415
27,295,1391207723,371
21,352,1391207724,279
20,172,1391207724,200
51,259,1391207724,265
43,224,1391207726,91
7,343,1391207728,18
16,105,1391207728,325
50,228,1391207728,439
41,257,1391207728,66
1,156,1391207731,309
6,191,1391207731,349
49,94,1391207735,437
5,79,1391207735,90
24,318,1391207737,292
21,352,1391207738,417
26,368,1391207739,74
17,331,1391207740,441
6,191,1391207743,225
41,257,1391207743,217
50,228,1391207743,34
15,196,1391207744,290
7,343,1391207745,41
1,156,1391207746,382
35,132,1391207748,158
34,248,1391207750,313
49,94,1391207750,445
17,331,1391207753,251
24,318,1391207754,62
31,315,1391207755,62
41,257,1391207759,476
1,156,1391207760,150
37,234,1391207762,317
10,59,1391207763,324
49,94,1391207766,269
17,331,1391207768,437
51,259,1391207772,2
6,191,1391207773,295
41,257,1391207773,343
1,156,1391207775,487
40,53,1391207776,418
37,234,1391207778,486
18,362,1391207780,428
49,94,1391207781,441
27,295,1391207781,0
12,311,1391207782,218
43,224,1391207784,263
17,331,1391207786,385
41,257,1391207788,124
16,105,1391207792,243
34,248,1391207793,207
12,311,1391207795,468
49,94,1391207796,321
27,295,1391207796,389
20,172,1391207796,444
51,259,1391207799,148
48,365,1391207803,278
6,191,1391207803,403
19,188,1391207807,188
37,234,1391207807,308
49,94,1391207810,162
27,295,1391207811,456
17,331,1391207812,365
43,224,1391207814,485
8,341,1391207815,374
7,343,1391207818,466
6,191,1391207818,128
49,94,1391207825,0
27,295,1391207825,465
20,172,1391207826,245
24,318,1391207827,372
21,352,1391207828,262
26,368,1391207828,345
31,315,1391207829,372
8,341,1391207833,346
48,365,1391207833,306
15,196,1391207834,441
40,53,1391207834,431
1,156,1391207835,120
19,188,1391207837,21
10,59,1391207838,307
12,311,1391207840,331
29,298,1391207841,309
21,352,1391207843,13
27,295,1391207844,81
17,331,1391207844,288
51,259,1391207844,391
29,298,1391207845,464
8,341,1391207845,110
8,341,1391207846,189
50,228,1391207848,420
45,174,1391207848,404
17,331,1391207849,436
15,196,1391207849,300
5,79,1391207852,121
10,59,1391207854,424
49,94,1391207855,363
27,295,1391207855,432
26,368,1391207858,103
51,259,1391207859,272
43,224,1391207859,172
8,341,1391207860,428
29,298,1391207860,419
17,331,1391207861,53
50,228,1391207863,113
48,365,1391207864,142
1,156,1391207865,406
27,295,1391207870,439
49,94,1391207870,324
24,318,1391207872,275
26,368,1391207873,80
31,315,1391207874,130
20,172,1391207875,311
48,365,1391207878,86
29,298,1391207878,266
50,228,1391207878,477
10,59,1391207883,360
12,311,1391207885,92
20,172,1391207886,247
49,94,1391207886,74
27,295,1391207886,34
24,318,1391207887,466
22,361,1391207889,239
43,224,1391207889,92
46,61,1391207891,369
48,365,1391207893,350
7,343,1391207893,130
50,228,1391207894,104
10,59,1391207899,349
25,317,1391207900,374
20,172,1391207901,236
17,331,1391207904,88
31,315,1391207904,319
29,298,1391207906,150
48,365,1391207908,252
41,257,1391207908,496
34,248,1391207913,336
10,59,1391207913,387
12,311,1391207915,376
5,79,1391207915,283
26,368,1391207919,484
43,224,1391207920,331
8,341,1391207920,56
30,232,1391207921,112
48,365,1391207923,178
50,228,1391207923,427
7,343,1391207926,394
10,59,1391207929,369
20,172,1391207931,178
25,317,1391207932,346
9,260,1391207933,286
30,232,1391207934,278
8,341,1391207935,379
29,298,1391207936,317
15,196,1391207939,460
20,172,1391207946,358
25,317,1391207946,189
49,94,1391207946,345
9,260,1391207947,310
31,315,1391207949,18
43,224,1391207950,468
8,341,1391207950,347
29,298,1391207950,486
48,365,1391207953,366
50,228,1391207953,474
35,132,1391207957,22
25,317,1391207960,428
20,172,1391207961,402
27,295,1391207961,420
7,343,1391207961,93
43,224,1391207964,218
13,351,1391207964,242
30,232,1391207965,306
29,298,1391207966,285
5,79,1391207972,268
10,59,1391207974,414
49,94,1391207975,103
20,172,1391207976,451
30,232,1391207979,344
28,197,1391207979,444
43,224,1391207979,118
8,341,1391207980,405
29,298,1391207981,308
1,156,1391207982,292
13,351,1391207983,123
50,228,1391207983,46
10,59,1391207989,51
18,362,1391207989,220
27,295,1391207990,113
49,94,1391207991,80
21,352,1391207993,390
13,351,1391207995,387
9,260,1391207995,251
8,341,1391207996,489
50,228,1391207998,175
41,257,1391207998,194
6,191,1391208000,374
1,156,1391208001,62
5,79,1391208002,239
10,59,1391208003,312
18,362,1391208005,203
12,311,1391208005,425
46,61,1391208006,392
24,318,1391208007,319
9,260,1391208008,441
13,351,1391208009,225
8,341,1391208010,315
2,187,1391208015,416
25,317,1391208018,47
10,59,1391208019,287
12,311,1391208020,485
34,248,1391208021,356
9,260,1391208022,321
28,197,1391208024,430
27,295,1391208024,246
20,172,1391208025,465
13,351,1391208025,403
41,257,1391208028,269
6,191,1391208030,271
30,232,1391208034,86
20,172,1391208036,397
18,362,1391208036,460
1,156,1391208038,372
43,224,1391208039,408
13,351,1391208039,128
12,311,1391208050,172
18,362,1391208050,467
49,94,1391208051,40
30,232,1391208051,497
20,172,1391208051,81
9,260,1391208052,162
43,224,1391208054,166
13,351,1391208054,346
48,365,1391208058,245
6,191,1391208060,25
2,187,1391208060,386
1,156,1391208062,130
30,232,1391208064,350
18,362,1391208064,441
41,257,1391208065,385
9,260,1391208068,0
13,351,1391208069,189
8,341,1391208070,279
34,248,1391208078,106
18,362,1391208079,321
5,79,1391208082,248
9,260,1391208082,326
26,368,1391208083,250
28,197,1391208084,39
13,351,1391208084,428
48,365,1391208088,97
41,257,1391208088,469
44,178,1391208089,251
35,132,1391208091,114
7,343,1391208093,452
25,317,1391208094,307
24,318,1391208098,394
28,197,1391208099,314
43,224,1391208099,79
8,341,1391208100,390
48,365,1391208103,311
41,257,1391208103,392
10,59,1391208108,423
24,318,1391208112,434
25,317,1391208112,59
28,197,1391208114,472
13,351,1391208115,447
43,224,1391208116,188
6,191,1391208120,387
44,178,1391208121,460
37,234,1391208122,144
10,59,1391208123,28
25,317,1391208124,349
12,311,1391208125,19
24,318,1391208127,93
28,197,1391208129,384
23,321,1391208133,112
6,191,1391208135,123
2,187,1391208136,76
25,317,1391208139,387
45,174,1391208139,154
20,172,1391208141,432
21,352,1391208143,489
28,197,1391208144,155
15,196,1391208149,225
44,178,1391208151,132
1,156,1391208151,319
7,343,1391208153,123
25,317,1391208154,151
18,362,1391208154,381
5,79,1391208157,443
20,172,1391208157,439
21,352,1391208158,405
28,197,1391208159,311
23,321,1391208163,206
44,178,1391208164,428
15,196,1391208164,295
1,156,1391208166,18
18,362,1391208170,125
49,94,1391208171,351
20,172,1391208171,446
21,352,1391208173,347
43,224,1391208174,334
8,341,1391208175,262
26,368,1391208177,153
48,365,1391208178,155
23,321,1391208178,278
44,178,1391208179,56
25,317,1391208184,190
7,343,1391208184,225
18,362,1391208184,451
20,172,1391208186,34
21,352,1391208190,379
26,368,1391208191,13
5,79,1391208191,135
48,365,1391208193,378
16,105,1391208193,468
15,196,1391208194,403
25,317,1391208199,5
30,232,1391208199,476
9,260,1391208202,415
21,352,1391208203,56
23,321,1391208208,107
48,365,1391208208,230
44,178,1391208208,379
15,196,1391208209,128
6,191,1391208210,462
40,53,1391208210,176
25,317,1391208214,291
49,94,1391208216,153
7,343,1391208216,182
43,224,1391208219,396
23,321,1391208223,293
44,178,1391208225,347
7,343,1391208228,403
20,172,1391208231,191
24,318,1391208232,416
21,352,1391208233,421
28,197,1391208234,378
29,298,1391208236,144
48,365,1391208238,412
44,178,1391208238,405
23,321,1391208240,143
15,196,1391208240,189
2,187,1391208240,235
1,156,1391208241,488
7,343,1391208242,128
22,361,1391208242,480
10,59,1391208243,436
18,362,1391208244,358
49,94,1391208245,250
20,172,1391208246,170
28,197,1391208249,230
33,135,1391208249,400
23,321,1391208253,238
48,365,1391208253,107
44,178,1391208254,448
40,53,1391208255,398
18,362,1391208263,178
43,224,1391208264,32
8,341,1391208266,327
44,178,1391208269,489
35,132,1391208271,395
48,365,1391208273,498
10,59,1391208273,303
45,174,1391208274,450
25,317,1391208274,360
18,362,1391208279,236
42,37,1391208280,424
44,178,1391208283,315
6,191,1391208285,151
48,365,1391208289,293
42,37,1391208296,360
23,321,1391208298,490
40,53,1391208300,240
44,178,1391208302,141
48,365,1391208305,143
9,260,1391208307,165
28,197,1391208309,412
18,362,1391208309,249
8,341,1391208310,313
6,191,1391208317,362
10,59,1391208319,495
42,37,1391208323,349
18,362,1391208324,378
28,197,1391208324,107
42,37,1391208325,462
26,368,1391208326,186
6,191,1391208330,190
25,317,1391208334,424
48,365,1391208334,273
20,172,1391208336,103
40,53,1391208339,122
18,362,1391208340,230
42,37,1391208340,225
48,365,1391208349,122
20,172,1391208351,80
28,197,1391208354,498
26,368,1391208356,313
6,191,1391208360,291
40,53,1391208362,44
45,174,1391208364,480
48,365,1391208364,409
9,260,1391208367,414
28,197,1391208369,293
7,343,1391208373,271
44,178,1391208376,72
19,188,1391208377,499
15,196,1391208389,447
42,37,1391208389,182
2,187,1391208392,354
40,53,1391208392,154
42,37,1391208393,403
25,317,1391208394,462
20,172,1391208396,40
27,295,1391208396,477
1,156,1391208398,12
18,362,1391208399,463
16,105,1391208399,382
28,197,1391208399,143
41,257,1391208399,295
48,365,1391208400,258
26,368,1391208401,127
15,196,1391208404,338
45,174,1391208409,90
27,295,1391208411,104
42,37,1391208414,128
23,321,1391208418,122
44,178,1391208419,305
15,196,1391208419,261
40,53,1391208421,450
42,37,1391208423,346
18,362,1391208428,314
28,197,1391208429,289
1,156,1391208431,333
25,317,1391208431,369
23,321,1391208433,375
9,260,1391208443,335
18,362,1391208444,39
5,79,1391208445,71
8,341,1391208445,117
50,228,1391208446,446
44,178,1391208448,87
40,53,1391208451,89
15,196,1391208454,324
20,172,1391208458,351
50,228,1391208461,191
9,260,1391208461,187
1,156,1391208461,161
15,196,1391208464,363
40,53,1391208467,278
48,365,1391208469,213
9,260,1391208473,454
28,197,1391208474,122
50,228,1391208476,81
29,298,1391208478,63
40,53,1391208482,306
12,311,1391208486,166
18,362,1391208489,430
28,197,1391208489,240
46,61,1391208490,115
26,368,1391208491,426
23,321,1391208495,418
35,132,1391208498,36
32,2,1391208499,366
48,365,1391208499,138
30,232,1391208500,137
27,295,1391208500,377
21,352,1391208504,23
9,260,1391208504,482
28,197,1391208504,398
18,362,1391208506,487
40,53,1391208512,142
19,188,1391208513,231
25,317,1391208514,312
45,174,1391208514,121
20,172,1391208516,399
18,362,1391208518,266
26,368,1391208521,196
6,191,1391208521,59
40,53,1391208526,86
14,58,1391208528,217
25,317,1391208529,316
48,365,1391208529,328
12,311,1391208530,79
6,191,1391208536,407
23,321,1391208538,431
40,53,1391208542,350
25,317,1391208544,287
32,2,1391208544,410
27,295,1391208548,26
9,260,1391208548,161
38,357,1391208548,421
28,197,1391208549,176
50,228,1391208552,415
23,321,1391208553,202
19,188,1391208557,453
30,232,1391208559,14
9,260,1391208562,333
29,298,1391208565,39
50,228,1391208566,269
45,174,1391208574,283
27,295,1391208576,320
29,298,1391208578,314
38,357,1391208578,428
18,362,1391208579,150
25,317,1391208589,184
48,365,1391208589,83
27,295,1391208591,112
18,362,1391208593,382
