id,track_id,time,gate
1,1,1410585872,161
6,1,1410585899,367
10,1,1410585921,181
14,1,1410585943,421
18,1,1410585966,451
32,1,1410586043,265
36,1,1410586064,471
39,1,1410586081,126
42,1,1410586098,440
46,1,1410586120,250
65,1,1410586226,99
68,1,1410586242,248
71,1,1410586259,404
72,1,1410586264,379
74,1,1410586275,281
75,1,1410586281,447
81,1,1410586316,111
91,2,1410608274,161
96,2,1410608302,367
100,2,1410608324,181
105,2,1410608351,421
107,2,1410608361,388
113,2,1410608396,142
121,2,1410608439,475
122,2,1410608445,289
126,2,1410608467,395
129,2,1410608483,196
131,2,1410608494,138
133,2,1410608504,256
134,2,1410608510,319
138,2,1410608532,118
142,2,1410608554,303
144,2,1410608564,429
145,2,1410608570,228
146,2,1410608575,449
148,2,1410608586,45
150,2,1410608597,183
152,2,1410608609,374
155,2,1410608625,355
159,2,1410608647,157
161,2,1410608659,377
174,2,1410608730,185
180,2,1410608763,33
186,2,1410608794,422
204,3,1410923363,441
206,3,1410923384,189
207,3,1410923395,276
210,3,1410923427,103
214,3,1410923469,483
216,3,1410923489,392
227,4,1410923363,360
229,4,1410923384,242
233,4,1410923427,84
235,4,1410923448,243
237,4,1410923469,459
240,4,1410923500,273
248,4,1410923586,129
255,4,1410923887,284
257,4,1410923909,41
258,4,1410923920,239
263,4,1410923975,146
273,4,1410924082,292
284,4,1410924247,418
285,4,1410924258,326
286,4,1410924269,191
287,4,1410924280,454
294,4,1410924355,160
295,4,1410924365,432
297,4,1410924386,55
301,4,1410924427,286
313,4,1410924552,269
314,4,1410924563,350
318,4,1410924606,140
321,4,1410924637,348
322,4,1410924647,390
326,4,1410924688,82
327,4,1410924699,492
328,4,1410924709,384
329,4,1410924719,387
330,4,1410924730,338
333,4,1410924761,192
335,4,1410924783,40
336,4,1410924793,235
337,4,1410924803,469
338,4,1410924814,330
339,4,1410924824,309
340,4,1410924834,148
341,4,1410924845,393
342,4,1410924855,130
343,4,1410924866,415
344,4,1410924877,68
348,4,1410924920,240
350,4,1410924941,332
352,4,1410924963,131
355,4,1410924994,318
564,8,1411738013,471
578,8,1411738089,126
582,8,1411738111,472
583,8,1411738117,151
584,10,1411801102,277
587,11,1411917562,107
589,11,1411917609,262
591,11,1411917647,246
607,11,1411917733,431
608,11,1411917739,291
611,11,1411917755,60
628,11,1411917850,437
630,11,1411917861,167
634,11,1411917883,408
637,11,1411917899,17
666,11,1411918059,31
695,12,1412064452,276
697,12,1412064474,103
703,12,1412064536,483
704,12,1412064547,392
708,12,1412064590,32
709,13,1412064980,360
720,13,1412065094,242
722,13,1412065116,84
736,13,1412065262,243
739,13,1412065294,459
741,13,1412065315,180
743,13,1412065336,446
744,13,1412065347,272
746,13,1412065368,385
747,13,1412065378,448
748,13,1412065389,258
750,13,1412065410,102
753,13,1412065441,344
765,13,1412065569,193
770,13,1412065621,273
777,13,1412065695,129
788,13,1412065811,284
797,13,1412065910,41
799,13,1412065931,239
805,13,1412065994,146
806,13,1412066005,292
816,13,1412066111,418
819,13,1412066143,191
820,13,1412066153,454
825,13,1412066208,160
826,13,1412066218,432
832,13,1412066283,55
835,13,1412066315,286
852,13,1412066495,269
853,13,1412066505,140
855,13,1412066525,348
859,13,1412066567,82
862,13,1412066598,492
863,13,1412066609,387
865,13,1412066630,338
867,13,1412066651,192
868,13,1412066662,40
869,13,1412066672,235
870,13,1412066682,469
871,13,1412066692,330
872,13,1412066702,148
875,13,1412066734,393
877,13,1412066754,130
878,13,1412066764,415
879,13,1412066775,68
882,13,1412066807,240
884,13,1412066828,332
886,13,1412066849,131
889,14,1412756438,283
890,16,1412768432,408
898,16,1412768478,167
901,16,1412768496,437
908,16,1412768535,60
910,16,1412768546,431
927,16,1412768638,246
931,16,1412768659,262
935,16,1412768681,406
942,16,1412768720,107
948,16,1412768754,488
954,16,1412768786,300
959,16,1412768814,414
1006,16,1412769076,244
1008,16,1412769087,279
1009,16,1412769093,498
1017,16,1412769138,117
1021,16,1412769160,336
1026,16,1412769186,20
1028,16,1412769197,72
1030,16,1412769209,283
1032,17,1412768432,283
1043,17,1412768496,159
1046,17,1412768513,476
1050,17,1412768535,72
1055,17,1412768561,336
1059,17,1412768583,117
1067,17,1412768628,498
1072,17,1412768654,279
1083,17,1412768715,244
1084,17,1412768720,414
1086,17,1412768732,230
1088,17,1412768743,56
1091,17,1412768759,473
1103,17,1412768824,222
1108,17,1412768852,188
1111,17,1412768869,488
1118,17,1412768909,107
1129,17,1412768971,406
1142,17,1412769043,328
1145,17,1412769059,465
1152,17,1412769099,123
1153,17,1412769104,491
1156,17,1412769122,320
1166,17,1412769175,368
1169,17,1412769192,166
1178,17,1412769559,323
1187,17,1412769608,17
1208,18,1413358532,279
1209,18,1413358542,498
1211,18,1413358562,244
1212,18,1413358572,414
1215,18,1413358603,230
1216,18,1413358616,56
1220,18,1413358659,473
1222,18,1413358680,364
1223,18,1413358691,386
1224,18,1413358701,362
1227,18,1413358734,452
1228,18,1413358744,64
1235,19,1413358532,84
1248,19,1413358670,243
1251,19,1413358701,459
1255,19,1413358744,273
1265,19,1413359936,129
1270,19,1413359988,284
1277,19,1413360061,41
1278,19,1413360071,325
1279,19,1413360082,239
1283,19,1413360125,146
1290,19,1413360199,292
1291,19,1413360209,418
1295,19,1413360254,326
1296,19,1413360264,454
1305,19,1413360361,160
1306,19,1413360372,432
1312,19,1413360437,55
1316,19,1413360479,286
1319,19,1413360509,269
1321,19,1413360531,350
1322,19,1413360541,140
1323,19,1413360551,390
1324,19,1413360562,348
1327,19,1413360594,82
1330,19,1413360625,492
1331,19,1413360636,384
1332,19,1413360646,387
1333,19,1413360657,338
1334,19,1413360668,192
1336,19,1413360689,40
1337,19,1413360700,469
1338,19,1413360710,330
1339,19,1413360720,148
1342,19,1413360752,393
1343,19,1413360763,130
1344,19,1413360774,415
1345,19,1413360785,68
1349,20,1413457008,56
1353,20,1413457031,473
1355,20,1413457042,364
1363,20,1413457088,222
1364,20,1413457094,386
1367,20,1413457111,219
1378,20,1413457169,339
1382,20,1413457189,32
1435,20,1413457478,360
1452,20,1413457571,242
1459,20,1413457608,84
1477,20,1413457707,243
1482,20,1413457735,459
1492,20,1413457789,193
1508,20,1413457877,376
1514,20,1413457909,96
1531,21,1413457008,56
1535,21,1413457031,473
1537,21,1413457042,364
1545,21,1413457088,222
1546,21,1413457094,386
1549,21,1413457111,219
1560,21,1413457169,339
1564,21,1413457189,32
1617,21,1413457478,360
1634,21,1413457571,242
1641,21,1413457608,84
1659,21,1413457707,243
1664,21,1413457735,459
1674,21,1413457789,193
1690,21,1413457877,376
1696,21,1413457909,96
1713,22,1413465556,96
1736,22,1413465684,402
1743,22,1413465726,14
1748,22,1413465755,331
1751,22,1413465772,438
1762,22,1413465849,141
1777,22,1413465939,298
1788,22,1413466008,490
1802,22,1413466086,51
1817,22,1413466168,97
1819,22,1413466179,236
1833,22,1413466255,444
1835,22,1413466267,175
1837,22,1413466278,282
1838,22,1413466283,400
1839,22,1413466289,410
1858,22,1413466395,255
1859,22,1413466401,91
1865,22,1413466436,341
1868,22,1413466453,28
1877,22,1413466502,266
1879,22,1413466512,478
1897,22,1413466611,361
1901,22,1413466633,155
1902,22,1413466639,99
1904,22,1413466650,248
1905,22,1413466656,404
1907,22,1413466667,379
1916,22,1413466716,281
1919,22,1413466733,447
1922,22,1413466749,111
1923,22,1413466755,416
1925,22,1413466767,264
1927,22,1413466777,174
1930,22,1413466794,184
1933,22,1413466809,412
1934,22,1413466816,81
1939,22,1413466842,468
1942,22,1413466859,182
1945,22,1413466875,349
1949,22,1413466896,3
1952,22,1413466913,310
1954,22,1413466923,371
1959,22,1413466951,198
1968,22,1413467000,329
1975,22,1413467038,69
1982,22,1413467076,334
1987,22,1413467104,76
1999,23,1413566733,485
2002,23,1413566750,304
2004,23,1413566761,305
2006,23,1413566772,127
2008,23,1413566783,354
2011,23,1413566799,494
2014,23,1413566817,271
2033,23,1413566922,19
2039,23,1413566955,241
2051,23,1413567021,430
2106,23,1413567330,186
2108,23,1413567342,479
2118,23,1413567397,52
2139,23,1413567511,29
2154,23,1413567595,417
2160,23,1413567628,76
2187,24,1413794632,24
2188,24,1413794642,194
2192,24,1413794685,316
2193,24,1413794695,384
2194,24,1413794705,387
2196,24,1413794726,195
2200,24,1413794769,134
2202,24,1413794790,345
2203,24,1413794800,57
2210,24,1413794877,210
2235,24,1413795367,332
2236,24,1413795378,131
2241,24,1413795431,318
2246,25,1413805035,134
2255,25,1413806501,52
2262,26,1413962538,52
2293,26,1413962983,479
2296,26,1413963310,359
2297,26,1413963321,116
2299,26,1413963569,135
2300,26,1413963635,74
2305,26,1413963784,290
2311,26,1413963847,217
2318,26,1413963920,314
2329,26,1413964078,83
2337,26,1413964665,24
2340,26,1413965036,57
2341,26,1413965046,210
2373,26,1413965384,134
2389,26,1413965551,195
2391,26,1413965572,387
2392,26,1413965582,338
2400,26,1413965667,192
2411,26,1413965783,40
2418,26,1413965856,235
2428,26,1413965960,469
2432,26,1413966002,330
2438,26,1413966066,309
2440,26,1413966086,148
2442,26,1413966107,393
2444,26,1413966129,130
2445,26,1413966139,68
2450,26,1413966192,240
2452,26,1413966214,332
2454,26,1413966236,131
2457,26,1413966267,318
2467,26,1413966372,277
2476,26,1413966468,409
2479,26,1413966499,252
2483,26,1413966541,39
2492,26,1413966636,455
2497,26,1413966687,6
2663,27,1413962538,52
2694,27,1413962983,479
2697,27,1413963310,359
2698,27,1413963321,116
2700,27,1413963569,135
2701,27,1413963635,74
2706,27,1413963784,290
2712,27,1413963847,217
2719,27,1413963920,314
2730,27,1413964078,83
2738,27,1413964665,24
2741,27,1413965036,57
2742,27,1413965046,210
2774,27,1413965384,134
2790,27,1413965551,195
2792,27,1413965572,387
2793,27,1413965582,338
2801,27,1413965667,192
2812,27,1413965783,40
2819,27,1413965856,235
2829,27,1413965960,469
2833,27,1413966002,330
2839,27,1413966066,309
2841,27,1413966086,148
2843,27,1413966107,393
2845,27,1413966129,130
2846,27,1413966139,68
2851,27,1413966192,240
2853,27,1413966214,332
2855,27,1413966236,131
2858,27,1413966267,318
2868,27,1413966372,277
2877,27,1413966468,409
2880,27,1413966499,252
2884,27,1413966541,39
2893,27,1413966636,455
2898,27,1413966687,6
3064,28,1414080565,279
3065,28,1414080570,244
3076,28,1414080633,414
3078,28,1414080643,230
3080,28,1414080654,56
3083,28,1414080669,473
3085,28,1414080680,364
3091,28,1414080712,222
3095,28,1414080733,188
3098,28,1414080750,488
3103,28,1414080778,107
3112,28,1414080828,406
3119,28,1414080867,328
3122,28,1414080884,465
3124,28,1414080895,251
3128,28,1414080917,60
3151,28,1414081038,437
3162,28,1414081099,167
3171,28,1414081147,408
3287,28,1414081826,323
3297,28,1414081882,368
3299,28,1414081894,166
3302,28,1414081909,398
3311,28,1414081959,17
3329,28,1414082083,31
3381,30,1415122695,61
3390,30,1415122744,260
3397,30,1415122782,162
3405,30,1415122827,299
3414,30,1415122877,16
3422,30,1415122920,296
3426,30,1415122942,150
3433,30,1415122982,71
3446,30,1415123053,128
3457,30,1415123114,382
3465,30,1415123159,214
3473,30,1415123202,396
3482,30,1415123251,4
3491,30,1415123302,37
3494,30,1415123319,144
3498,30,1415123341,342
3504,30,1415123375,372
3510,30,1415123409,114
3513,30,1415123426,375
3517,30,1415123448,145
3526,30,1415123499,179
3533,30,1415123537,73
3542,30,1415123586,9
3552,30,1415123643,313
3560,30,1415123688,42
3569,30,1415123739,156
3578,30,1415123787,8
3583,30,1415123814,95
3590,30,1415123852,165
3604,30,1415123929,18
3627,30,1415124059,124
3636,30,1415124110,315
3643,30,1415124147,59
3658,30,1415124233,399
3667,30,1415124285,35
3671,31,1415122695,61
3675,30,1415124317,213
3683,30,1415124339,363
3690,31,1415122744,260
3691,30,1415124362,120
3704,31,1415122782,162
3705,30,1415124401,77
3717,30,1415124435,456
3720,31,1415122827,299
3723,30,1415124452,202
3729,30,1415124467,486
3735,30,1415124484,113
3738,31,1415122877,16
3743,30,1415124507,391
3751,30,1415124529,2
3754,31,1415122920,296
3762,31,1415122942,150
3769,30,1415124580,496
3776,31,1415122982,71
3793,30,1415124645,98
3802,31,1415123053,128
3814,30,1415124707,50
3825,31,1415123114,382
3841,31,1415123159,214
3848,30,1415124800,93
3857,31,1415123202,396
3870,30,1415124861,381
3874,30,1415124873,333
3875,31,1415123251,4
3890,30,1415124916,25
3893,31,1415123302,37
3899,31,1415123319,144
3906,30,1415124961,294
3907,31,1415123341,342
3918,31,1415123375,372
3921,30,1415125002,104
3931,31,1415123409,114
3936,31,1415123426,375
3940,30,1415125051,369
3943,31,1415123448,145
3952,30,1415125085,43
3960,30,1415125108,101
3961,31,1415123499,179
3975,31,1415123537,73
3976,30,1415125153,221
3992,30,1415125198,411
3993,31,1415123586,9
4013,31,1415123643,313
4022,30,1415125281,147
4029,31,1415123688,42
4040,30,1415125330,122
4047,31,1415123739,156
4058,30,1415125379,218
4065,31,1415123787,8
4072,30,1415125418,427
4075,31,1415123814,95
4089,31,1415123852,165
4090,30,1415125468,139
4116,31,1415123929,18
4119,30,1415125546,132
4140,30,1415125602,425
4152,30,1415125637,30
4161,31,1415124059,124
4164,30,1415125671,346
4176,30,1415125705,66
4179,31,1415124110,315
4184,30,1415125727,403
4193,31,1415124147,59
4198,30,1415125767,106
4220,30,1415125827,5
4223,31,1415124233,399
4240,30,1415125882,226
4241,31,1415124285,35
4253,31,1415124317,213
4260,30,1415125936,307
4261,31,1415124339,363
4269,31,1415124362,120
4274,30,1415125975,163
4283,31,1415124401,77
4290,30,1415126018,86
4295,31,1415124435,456
4301,31,1415124452,202
4307,31,1415124467,486
4313,31,1415124484,113
4314,30,1415126082,62
4320,31,1415124507,391
4328,31,1415124529,2
4335,30,1415126138,119
4345,31,1415124580,496
4352,30,1415126184,224
4368,31,1415124645,98
4371,30,1415126234,23
4389,31,1415124707,50
4406,31,1415124800,93
4417,31,1415124861,381
4419,31,1415124873,333
4427,31,1415124916,25
4435,31,1415124961,294
4442,31,1415125002,104
4451,31,1415125051,369
4457,31,1415125085,43
4461,31,1415125108,101
4469,31,1415125153,221
4477,31,1415125198,411
4492,31,1415125281,147
4501,31,1415125330,122
4510,31,1415125379,218
4517,31,1415125418,427
4526,31,1415125468,139
4540,31,1415125546,132
4550,31,1415125602,425
4556,31,1415125637,30
4562,31,1415125671,346
4568,31,1415125705,66
4572,31,1415125727,403
4579,31,1415125767,106
4590,31,1415125827,5
4600,31,1415125882,226
4610,31,1415125936,307
4617,31,1415125975,163
4625,31,1415126018,86
4637,31,1415126082,62
4647,31,1415126138,119
4655,31,1415126184,224
4664,31,1415126234,23
4673,33,1416299876,360
4682,33,1416299973,242
4688,33,1416300036,84
4692,33,1416300079,243
4694,33,1416300101,459
4696,33,1416300123,180
4701,33,1416300176,446
4702,33,1416300187,272
4708,33,1416300251,385
4711,33,1416300282,448
4716,33,1416300334,258
4717,33,1416300345,401
4718,33,1416300356,344
4727,33,1416300451,193
4737,33,1416300558,273
4738,33,1416300568,129
4749,33,1416300683,284
4751,33,1416300705,41
4752,33,1416300716,325
4755,33,1416300747,239
4759,33,1416300790,146
4769,33,1416300902,292
4770,33,1416300913,418
4772,33,1416300935,326
4773,33,1416300945,191
4776,33,1416300977,454
4781,33,1416301031,160
4789,33,1416301116,432
4790,33,1416301127,55
4792,33,1416301149,286
4809,33,1416301329,269
4810,33,1416301340,350
4811,33,1416301351,140
4812,33,1416301361,348
4814,33,1416301382,82
4817,33,1416301413,492
4818,33,1416301424,387
4820,33,1416301446,338
4821,33,1416301457,192
4823,33,1416301479,40
4824,33,1416301490,469
4825,33,1416301500,330
4828,33,1416301531,309
4839,33,1416301646,148
4847,33,1416301730,393
4858,33,1416301845,130
4865,33,1416301919,415
4869,34,1417172760,283
4870,34,1417172766,476
4872,34,1417172777,159
4879,34,1417172815,72
4881,34,1417172829,336
4885,34,1417172849,117
4888,34,1417172867,498
4892,34,1417172889,279
4901,34,1417172938,244
4904,34,1417172955,207
4909,34,1417172985,308
4920,35,1417172760,308
4936,35,1417172849,207
4939,35,1417172867,300
4945,35,1417172900,488
4947,35,1417172912,107
4957,35,1417172967,406
4962,35,1417172996,328
4964,35,1417173007,465
4966,35,1417173018,123
4967,35,1417173023,491
4969,35,1417173034,320
4972,35,1417173063,368
4974,35,1417173073,166
4981,35,1417173112,323
4989,35,1417173158,17
5011,35,1417173283,31
5127,36,1417174305,31
5134,36,1417174344,17
5141,36,1417174382,398
5150,36,1417174432,257
5155,36,1417174459,321
5161,36,1417174492,112
5169,36,1417174536,433
5181,36,1417174603,288
5185,36,1417174623,13
5211,37,1417173069,308
5226,37,1417173152,207
5229,37,1417173169,300
5235,37,1417173203,488
5237,37,1417173214,107
5247,37,1417173268,406
5252,37,1417173296,328
5255,37,1417173313,465
5257,37,1417173324,123
5258,37,1417173330,491
5260,37,1417173341,320
5263,37,1417173359,368
5265,37,1417173371,166
5272,37,1417173410,323
5279,37,1417173448,17
5303,37,1417173587,31
5318,38,1417173069,17
5334,38,1417173158,31
5336,38,1417173169,398
5346,38,1417173224,257
5351,38,1417173251,321
5357,38,1417173286,112
5365,38,1417173330,433
5376,38,1417173394,288
5380,38,1417173416,13
5405,39,1417173069,13
5431,39,1417173214,340
5442,39,1417173274,149
5445,39,1417173291,210
5450,39,1417173318,57
5452,39,1417173330,134
5453,39,1417173336,195
5456,39,1417173353,387
5457,39,1417173359,384
5458,39,1417173365,173
5459,39,1417173371,316
5461,39,1417173382,194
5468,39,1417173421,24
5473,39,1417173448,274
5476,39,1417173464,80
5480,39,1417173490,152
5483,39,1417173505,481
5485,39,1417173516,394
5487,39,1417173530,201
5489,39,1417173542,15
5497,39,1417173587,380
5500,39,1417173602,215
5502,39,1417173614,474
5503,39,1417173619,293
5504,39,1417173624,88
5506,39,1417173635,424
5508,39,1417173645,177
5510,39,1417173656,83
5519,39,1417174324,231
5523,39,1417174347,267
5536,40,1417173069,231
5545,40,1417173119,83
5551,40,1417173152,267
5554,40,1417173169,443
5556,40,1417173180,58
5558,40,1417173191,197
5566,40,1417173235,270
5573,40,1417173274,161
5594,40,1417173394,367
5597,40,1417173410,484
5600,40,1417173427,158
5613,40,1417173500,419
5620,40,1417173542,100
5630,40,1417173597,383
5636,40,1417173629,171
5641,40,1417173656,325
5650,40,1417174324,41
5654,40,1417174347,302
5664,40,1417174401,169
5670,40,1417174433,482
5675,40,1417174462,0
5689,40,1417174541,466
5691,40,1417174552,311
5701,40,1417174608,488
5709,40,1417174653,188
5718,40,1417174703,300
5722,40,1417174726,414
5724,40,1417174737,207
5725,40,1417174742,244
5735,40,1417175290,308
5749,41,1417244991,283
5750,41,1417244996,476
5751,41,1417245001,159
5786,41,1417245194,72
5790,41,1417245215,20
5795,41,1417245243,336
5799,41,1417245265,117
5803,41,1417245286,498
5808,41,1417245313,279
5820,41,1417245381,244
5822,41,1417245393,414
5824,41,1417245404,230
5826,41,1417245416,56
5828,41,1417245427,473
5829,41,1417245433,364
5842,41,1417245506,222
5843,41,1417245512,386
5859,41,1417245598,188
5865,41,1417245630,466
5902,41,1417245832,0
5907,41,1417245858,482
5917,41,1417245913,169
5926,41,1417245962,243
5936,41,1417246016,302
5942,41,1417246047,129
5967,41,1417246183,376
5977,41,1417246235,467
5984,41,1417246274,487
5988,41,1417246296,280
5992,41,1417246317,278
5998,41,1417246350,331
6001,41,1417246365,438
6003,41,1417246375,141
6006,41,1417246391,298
6009,41,1417246410,490
6013,41,1417246433,51
6014,41,1417246438,97
6015,41,1417246444,236
6017,41,1417246454,444
6019,41,1417246465,175
6020,41,1417246471,282
6021,41,1417246476,400
6022,41,1417246481,410
6023,41,1417246487,255
6024,41,1417246493,91
6042,41,1417246592,341
6045,41,1417246608,28
6047,41,1417246618,266
6049,41,1417246629,478
6050,41,1417246635,361
6051,41,1417246641,250
6054,41,1417246656,440
6063,41,1417246708,126
6064,41,1417246714,472
6065,41,1417246720,151
6066,41,1417246725,168
6068,41,1417246737,317
6071,41,1417246752,254
6073,41,1417246763,497
6075,41,1417246773,365
6088,41,1417246845,470
6090,41,1417246856,49
6094,41,1417246879,352
6101,41,1417246915,133
6105,41,1417246937,462
6107,41,1417246949,212
6108,41,1417246955,271
6111,41,1417246971,494
6113,41,1417246982,354
6116,41,1417246998,127
6118,41,1417247009,305
6120,41,1417247019,304
6123,41,1417247035,485
6129,41,1417247069,186
6148,41,1417247176,79
6160,41,1417247242,337
6168,41,1417247286,108
6176,41,1417247329,397
6182,42,1417244991,397
6186,42,1417245012,108
6192,42,1417245045,12
6233,42,1417245270,337
6250,42,1417245364,295
6254,42,1417245387,186
6275,42,1417245506,485
6280,42,1417245533,304
6282,42,1417245544,305
6284,42,1417245554,127
6286,42,1417245566,354
6289,42,1417245582,494
6292,42,1417245598,271
6300,42,1417245641,212
6302,42,1417245651,462
6304,42,1417245662,133
6308,42,1417245685,352
6314,42,1417245718,49
6318,42,1417245739,470
6319,42,1417245744,365
6320,42,1417245750,497
6321,42,1417245756,254
6324,42,1417245772,317
6326,42,1417245782,168
6328,42,1417245792,151
6329,42,1417245798,472
6330,42,1417245803,126
6331,42,1417245809,440
6333,42,1417245820,250
6335,42,1417245832,99
6336,42,1417245837,155
6362,42,1417245978,248
6364,42,1417245989,404
6366,42,1417246000,379
6371,43,1417253128,447
6382,43,1417253190,111
6384,43,1417253201,416
6386,43,1417253212,264
6389,43,1417253229,174
6404,43,1417253330,281
6405,43,1417253335,379
6407,43,1417253346,404
6408,43,1417253352,248
6413,43,1417253380,99
6415,43,1417253390,155
6416,43,1417253396,478
6418,43,1417253407,266
6420,43,1417253417,28
6422,43,1417253428,341
6425,43,1417253444,91
6427,43,1417253455,410
6428,43,1417253462,400
6429,43,1417253467,282
6430,43,1417253473,175
6431,43,1417253478,444
6438,43,1417253515,236
6439,43,1417253521,97
6440,43,1417253527,51
6442,43,1417253538,490
6444,43,1417253549,298
6449,43,1417253576,141
6452,43,1417253592,438
6454,43,1417253604,331
6456,43,1417253631,401
6458,43,1417253662,448
6459,43,1417253668,385
6460,43,1417253674,272
6462,43,1417253686,489
6464,43,1417253697,65
6466,43,1417253708,420
6468,43,1417253720,216
6492,43,1417253853,483
6494,43,1417253864,103
6496,43,1417253876,276
6498,43,1417253888,189
6500,43,1417253899,441
6503,43,1417253915,366
6511,43,1417253963,64
6514,43,1417253979,452
6517,43,1417253994,362
6520,43,1417254011,407
6523,43,1417254028,245
6525,43,1417254053,434
6528,43,1417254069,72
6529,43,1417254075,20
6537,43,1417254120,283
6538,44,1417354762,476
6541,44,1417354780,72
6543,44,1417354794,336
6547,44,1417354816,117
6550,44,1417354834,498
6555,44,1417354863,279
6557,44,1417354874,244
6559,44,1417354884,414
6561,44,1417354895,230
6563,44,1417354907,56
6566,44,1417354923,473
6568,44,1417354934,364
6577,44,1417354984,222
6578,44,1417354989,386
6581,44,1417355005,219
6583,44,1417355015,339
6592,45,1417354762,476
6595,45,1417354780,72
6597,45,1417354794,336
6601,45,1417354816,117
6604,45,1417354834,498
6609,45,1417354863,279
6611,45,1417354874,244
6613,45,1417354884,414
6615,45,1417354895,230
6617,45,1417354907,56
6620,45,1417354923,473
6622,45,1417354934,364
6631,45,1417354984,222
6632,45,1417354989,386
6635,45,1417355005,219
6637,45,1417355015,339
6646,46,1417354762,219
6656,46,1417354821,386
6681,46,1417354962,362
6683,46,1417354973,452
6689,46,1417355005,407
6692,46,1417355020,245
6697,46,1417355047,434
6701,46,1417355204,20
6702,46,1417355210,358
6704,46,1417355221,263
6712,46,1417355266,297
6723,46,1417355327,204
6732,46,1417355378,109
6740,46,1417355418,67
6745,46,1417355447,413
6756,47,1417856636,20
6758,47,1417856647,72
6759,47,1417856653,336
6762,47,1417856671,117
6765,47,1417856688,498
6771,47,1417856723,279
6772,47,1417856728,244
6774,47,1417856740,414
6775,47,1417856746,230
6777,47,1417856760,56
6780,47,1417856776,473
6782,47,1417856786,364
6791,47,1417856838,222
6796,47,1417856866,188
6804,47,1417856911,466
6820,47,1417857001,0
6825,47,1417857027,482
6835,47,1417857083,169
6841,47,1417857116,302
6855,47,1417857193,41
6867,47,1417857258,325
6870,47,1417857274,171
6876,47,1417857307,383
6888,47,1417857374,100
6892,47,1417857398,419
6899,47,1417857437,158
6909,47,1417857494,484
6913,47,1417857515,161
6916,47,1417857531,270
6921,47,1417857559,197
6932,47,1417857622,58
6934,47,1417857634,443
6937,47,1417857650,267
6940,47,1417857667,231
6943,47,1417857684,83
6979,48,1417856636,231
6980,48,1417856641,267
6985,48,1417856671,443
6987,48,1417856682,58
6989,48,1417856694,197
6998,48,1417856746,270
7001,48,1417856765,161
7005,48,1417856786,367
7006,48,1417856792,484
7008,48,1417856803,158
7013,48,1417856833,419
7019,48,1417856866,100
7022,48,1417856882,383
7026,48,1417856905,171
7031,48,1417856933,325
7040,48,1417856983,41
7043,48,1417857001,302
7048,48,1417857027,169
7066,48,1417857128,482
7070,48,1417857148,0
7090,48,1417857258,466
7092,48,1417857269,311
7103,48,1417857329,488
7117,48,1417857408,300
7121,48,1417857432,414
7130,48,1417857482,244
7132,48,1417857494,279
7133,48,1417857499,498
7137,48,1417857520,117
7140,48,1417857536,336
7144,48,1417857559,72
7145,48,1417857565,20
7149,48,1417857587,283
7150,49,1418112912,464
7151,49,1418112932,70
7165,49,1418113250,80
7167,49,1418113289,335
7170,49,1418113353,194
7171,49,1418113367,390
7172,49,1418113389,492
7173,49,1418113407,345
7181,49,1418113590,348
7182,49,1418113607,24
7183,49,1418113628,316
7193,49,1418113827,173
7204,49,1418114070,149
7214,49,1418114271,442
7215,49,1418114291,318
7219,49,1418114421,130
7235,50,1418112912,464
7236,50,1418112932,70
7250,50,1418113250,80
7252,50,1418113289,335
7255,50,1418113353,194
7256,50,1418113367,390
7257,50,1418113389,492
7258,50,1418113407,345
7266,50,1418113590,348
7267,50,1418113607,24
7268,50,1418113628,316
7278,50,1418113827,173
7289,50,1418114070,149
7299,50,1418114271,442
7300,50,1418114291,318
7304,50,1418114421,130
7320,51,1418635932,131
7323,54,1418910586,110
7331,55,1419248777,110
7332,56,1419248777,110
7347,55,1419248821,1
7348,56,1419248821,1
7367,55,1419248876,211
7368,56,1419248876,211
7384,55,1419248927,36
7386,56,1419248927,36
7403,55,1419248976,199
7404,56,1419248976,199
7417,55,1419249014,47
7418,56,1419249014,47
7431,55,1419249055,205
7432,56,1419249055,205
7441,58,1421822045,464
7448,58,1421822208,343
7450,58,1421822245,70
7454,58,1421822329,301
7460,58,1421822446,274
7461,58,1421822472,116
7462,58,1421822490,80
7467,58,1421822604,235
7468,58,1421822628,345
7478,58,1421822826,173
7479,58,1421822847,387
7480,58,1421822869,57
7484,58,1421822951,316
7485,58,1421822968,194
7486,58,1421823008,335
7488,58,1421823048,24
7495,58,1421823193,393
7498,58,1421823253,442
7499,58,1421823273,68
7513,61,1423247598,476
7519,63,1423248059,476
7523,65,1423249128,476
7524,65,1423249161,283
7529,67,1423249607,476
7545,70,1423250296,476
7551,71,1423250729,476
7557,78,1423252223,476
7607,99,1423254386,476
8655,128,1423548160,476
8665,128,1423548266,283
8667,128,1423548287,72
8671,128,1423548329,20
8681,128,1423548431,159
8702,131,1423707043,72
8720,131,1423707143,20
8728,131,1423707188,358
8731,131,1423707206,263
8745,131,1423707281,434
8748,131,1423707298,208
8757,131,1423707348,366
8773,131,1423707438,64
8783,131,1423707494,189
8800,131,1423707592,276
8802,131,1423707603,103
8816,131,1423707680,483
8820,131,1423707702,216
8822,131,1423707714,420
8824,131,1423707725,65
8826,131,1423707735,489
8829,131,1423707755,385
8831,131,1423707766,448
8838,131,1423707805,258
8841,131,1423707822,463
8842,131,1423707827,102
8853,131,1423707892,401
8855,131,1423707903,278
8858,131,1423707920,331
8863,131,1423707946,438
8865,131,1423707980,298
8868,131,1423708019,97
8875,131,1423708059,236
8878,131,1423708075,444
8880,131,1423708087,175
8882,131,1423708097,282
8883,131,1423708108,400
8884,131,1423708113,255
8901,131,1423708211,91
8904,131,1423708228,341
8907,131,1423708245,28
8908,131,1423708250,266
8911,131,1423708267,478
8917,131,1423708303,361
8919,131,1423708314,250
8922,131,1423708334,440
8924,131,1423708345,126
8925,131,1423708350,472
8926,131,1423708355,151
8927,131,1423708361,168
8930,131,1423708377,317
8932,131,1423708390,254
8934,131,1423708401,497
8936,131,1423708412,365
8938,131,1423708423,470
8971,131,1423708608,227
8974,131,1423708628,373
8978,131,1423708651,136
8980,131,1423708661,63
8982,131,1423708672,389
8984,131,1423708682,499
8987,131,1423708700,138
8988,131,1423708705,256
8990,131,1423708717,457
8993,131,1423708733,21
8994,131,1423708739,357
8997,131,1423708756,83
9006,131,1423708804,190
9008,131,1423708816,493
9019,132,1423748409,493
9020,132,1423748424,190
9042,132,1423748545,21
9047,132,1423748572,457
9050,132,1423748589,256
9052,132,1423748600,138
9053,132,1423748605,499
9055,132,1423748616,389
9058,132,1423748631,63
9061,132,1423748647,136
9087,132,1423748793,373
9142,132,1423749104,7
9148,132,1423749137,265
9155,132,1423749176,471
9162,132,1423749216,126
9177,132,1423749301,440
9180,132,1423749316,250
9192,132,1423749384,361
9195,132,1423749399,478
9196,132,1423749405,266
9199,132,1423749422,28
9202,132,1423749439,341
9206,132,1423749462,91
9207,132,1423749467,255
9208,132,1423749473,410
9209,132,1423749478,400
9211,132,1423749489,282
9212,132,1423749495,175
9213,132,1423749502,444
9221,132,1423749548,236
9222,132,1423749554,51
9224,132,1423749564,490
9227,132,1423749583,298
9231,132,1423749605,141
9234,132,1423749624,438
9237,132,1423749643,331
9240,132,1423749660,278
9244,132,1423749683,401
9254,132,1423749740,102
9255,132,1423749745,258
9257,132,1423749758,448
9259,132,1423749769,385
9261,132,1423749780,272
9263,132,1423749791,489
9266,132,1423749807,65
9270,132,1423749828,420
9274,132,1423749850,216
9277,132,1423749867,483
9280,132,1423749884,103
9283,132,1423749901,276
9288,132,1423749928,189
9291,132,1423749945,441
9295,132,1423749972,366
9306,132,1423750038,64
9310,132,1423750060,452
9312,132,1423750071,362
9315,132,1423750088,407
9319,132,1423750111,245
9325,132,1423750143,434
9330,132,1423750176,159
9332,132,1423750191,283
9333,132,1423750196,72
9375,133,1423793483,72
9377,133,1423793493,476
9389,133,1423793562,283
9402,133,1423793634,20
9411,133,1423793684,358
9414,133,1423793701,263
9426,133,1423793767,434
9428,133,1423793778,208
9438,133,1423793833,366
9453,133,1423793918,64
9459,133,1423793950,189
9468,133,1423794000,276
9472,133,1423794021,103
9481,133,1423794071,483
9484,133,1423794088,216
9487,133,1423794104,420
9489,133,1423794115,65
9491,133,1423794128,489
9494,133,1423794145,272
9495,133,1423794153,385
9496,133,1423794158,448
9498,133,1423794175,258
9499,133,1423794180,102
9501,133,1423794192,401
9503,133,1423794203,278
9507,133,1423794223,331
9512,133,1423794250,438
9514,133,1423794265,141
9516,133,1423794276,298
9520,133,1423794298,490
9522,133,1423794313,51
9524,133,1423794324,97
9530,133,1423794355,236
9532,133,1423794366,444
9534,133,1423794379,175
9536,133,1423794389,282
9537,133,1423794394,400
9538,133,1423794400,410
9539,133,1423794406,255
9540,133,1423794412,91
9546,133,1423794445,341
9549,133,1423794462,28
9551,133,1423794473,266
9553,133,1423794485,478
9554,133,1423794490,361
9555,133,1423794495,250
9557,133,1423794507,440
9559,133,1423794522,472
9560,133,1423794528,168
9562,133,1423794539,317
9564,133,1423794550,254
9566,133,1423794562,497
9569,133,1423794578,365
9570,133,1423794584,470
9605,133,1423794778,227
9608,133,1423794794,373
9610,133,1423794806,136
9612,133,1423794818,63
9614,133,1423794829,389
9617,133,1423794845,499
9620,133,1423794862,256
9622,133,1423794873,457
9624,133,1423794887,21
9625,133,1423794892,357
9627,133,1423794903,83
9633,133,1423794958,493
9680,134,1423906117,27
9945,135,1423906117,27
10288,136,1424327840,222
10294,136,1424327873,188
10297,136,1424327889,488
10302,136,1424327916,107
10313,136,1424327977,406
10317,136,1424327999,262
10322,136,1424328026,246
10337,136,1424328111,431
10338,136,1424328117,291
10340,136,1424328129,60
10357,136,1424328223,437
10370,136,1424328295,178
10376,136,1424328329,160
10384,136,1424328374,432
10385,136,1424328379,445
10389,136,1424328402,225
10394,136,1424328430,343
10410,136,1424328517,70
10415,136,1424328543,450
10420,136,1424328572,200
10434,136,1424328647,125
10440,136,1424328680,215
10441,136,1424328685,293
10451,137,1424327840,222
10457,137,1424327873,188
10460,137,1424327889,488
10465,137,1424327916,107
10476,137,1424327977,406
10480,137,1424327999,262
10485,137,1424328026,246
10500,137,1424328111,431
10501,137,1424328117,291
10503,137,1424328129,60
10520,137,1424328223,437
10533,137,1424328295,178
10539,137,1424328329,160
10547,137,1424328374,432
10548,137,1424328379,445
10552,137,1424328402,225
10557,137,1424328430,343
10573,137,1424328517,70
10578,137,1424328543,450
10583,137,1424328572,200
10597,137,1424328647,125
10603,137,1424328680,215
10604,137,1424328685,293
10614,138,1424327840,215
10619,138,1424327867,380
10622,138,1424327884,15
10623,139,1424327840,215
10626,138,1424327894,201
10630,138,1424327905,394
10633,139,1424327867,380
10634,138,1424327916,481
10639,139,1424327884,15
10640,138,1424327932,152
10643,139,1424327894,201
10647,139,1424327905,394
10648,138,1424327954,80
10651,139,1424327916,481
10657,139,1424327932,152
10665,139,1424327954,80
10688,138,1424328066,439
10702,138,1424328106,172
10705,139,1424328066,439
10717,138,1424328151,327
10720,139,1424328106,172
10731,138,1424328188,428
10736,139,1424328151,327
10746,139,1424328188,428
10752,140,1424327840,428
10760,140,1424327884,327
10764,140,1424327905,172
10768,141,1424327840,428
10769,140,1424327927,460
10774,140,1424327943,347
10784,140,1424327971,153
10785,141,1424327884,327
10789,140,1424327982,474
10792,141,1424327905,172
10793,140,1424327993,215
10797,140,1424328004,293
10800,141,1424327927,460
10801,140,1424328015,88
10805,140,1424328026,424
10806,141,1424327943,347
10809,140,1424328037,177
10815,140,1424328055,83
10816,141,1424327971,153
10820,141,1424327982,474
10824,141,1424327993,215
10828,141,1424328004,293
10829,140,1424328094,231
10832,141,1424328015,88
10833,140,1424328106,267
10836,141,1424328026,424
10839,140,1424328123,443
10840,141,1424328037,177
10843,140,1424328134,461
10846,141,1424328055,83
10849,140,1424328151,58
10851,140,1424328156,197
10853,140,1424328162,270
10860,141,1424328094,231
10863,140,1424328188,87
10864,141,1424328106,267
10869,140,1424328206,475
10870,141,1424328123,443
10874,141,1424328134,461
10880,141,1424328151,58
10881,140,1424328240,142
10882,141,1424328156,197
10884,141,1424328162,270
10887,140,1424328255,388
10894,141,1424328188,87
10899,140,1424328290,421
10900,141,1424328206,475
10907,140,1424328313,451
10913,141,1424328240,142
10919,141,1424328255,388
10930,140,1424328385,265
10933,141,1424328290,421
10938,140,1424328408,471
10941,141,1424328313,451
10944,140,1424328424,126
10959,140,1424328469,440
10965,140,1424328485,250
10968,141,1424328385,265
10976,141,1424328408,471
10981,140,1424328528,155
10982,140,1424328533,99
10983,141,1424328424,126
10986,140,1424328543,248
10990,140,1424328555,404
10994,140,1424328566,379
10999,141,1424328469,440
11005,141,1424328485,250
11006,140,1424328598,324
11008,140,1424328603,281
11010,140,1424328609,447
11019,140,1424328636,111
11022,141,1424328528,155
11024,141,1424328533,99
11027,141,1424328543,248
11029,141,1424328555,404
11031,141,1424328566,379
11037,141,1424328598,324
11038,141,1424328603,281
11039,141,1424328609,447
11044,141,1424328636,111
11048,142,1424327840,111
11051,142,1424327856,416
11068,142,1424327948,264
11070,142,1424327959,174
11077,142,1424327999,447
11079,142,1424328010,281
11080,142,1424328015,379
11082,142,1424328026,404
11083,142,1424328032,248
11085,142,1424328043,99
11087,142,1424328055,155
11094,143,1424327840,111
11100,143,1424327856,416
11103,142,1424328117,361
11105,142,1424328123,478
11107,142,1424328129,266
11111,142,1424328139,28
11113,142,1424328145,341
11116,142,1424328156,91
11118,142,1424328162,255
11120,142,1424328167,410
11122,142,1424328172,282
11124,142,1424328177,175
11126,142,1424328183,444
11130,142,1424328194,236
11132,142,1424328200,97
11134,142,1424328206,51
11135,143,1424327948,264
11138,142,1424328217,490
11140,143,1424327959,174
11141,142,1424328228,298
11150,142,1424328250,141
11153,143,1424327999,447
11154,142,1424328261,438
11157,143,1424328010,281
11158,142,1424328272,331
11159,143,1424328015,379
11162,142,1424328284,278
11163,143,1424328026,404
11165,143,1424328032,248
11168,142,1424328302,401
11169,143,1424328043,99
11173,143,1424328055,155
11188,142,1424328357,102
11190,142,1424328362,258
11192,142,1424328368,448
11195,143,1424328117,361
11196,142,1424328379,385
11197,143,1424328123,478
11198,142,1424328385,272
11199,143,1424328129,266
11202,142,1424328396,489
11203,143,1424328139,28
11205,143,1424328145,341
11206,142,1424328408,65
11208,142,1424328413,420
11209,143,1424328156,91
11211,143,1424328162,255
11212,142,1424328424,216
11213,143,1424328167,410
11215,143,1424328172,282
11216,142,1424328436,483
11217,143,1424328177,175
11219,143,1424328183,444
11222,142,1424328452,103
11223,143,1424328194,236
11225,143,1424328200,97
11227,143,1424328206,51
11231,143,1424328217,490
11232,142,1424328480,276
11235,143,1424328228,298
11238,142,1424328496,189
11243,143,1424328250,141
11244,142,1424328512,441
11247,143,1424328261,438
11250,142,1424328528,366
11251,143,1424328272,331
11255,143,1424328284,278
11256,142,1424328543,64
11260,142,1424328555,452
11261,143,1424328302,401
11264,142,1424328566,362
11270,142,1424328582,407
11276,142,1424328598,245
11281,143,1424328357,102
11283,143,1424328362,258
11285,143,1424328368,448
11286,142,1424328625,434
11289,143,1424328379,385
11291,143,1424328385,272
11292,142,1424328641,72
11294,143,1424328396,489
11295,142,1424328647,20
11298,143,1424328408,65
11300,143,1424328413,420
11304,143,1424328424,216
11308,143,1424328436,483
11309,142,1424328685,283
11312,143,1424328452,103
11317,143,1424328480,276
11320,143,1424328496,189
11323,143,1424328512,441
11326,143,1424328528,366
11329,143,1424328543,64
11331,143,1424328555,452
11333,143,1424328566,362
11336,143,1424328582,407
11339,143,1424328598,245
11344,143,1424328625,434
11347,143,1424328641,72
11348,143,1424328647,20
11355,143,1424328685,283
11356,145,1424625029,76
11433,146,1424667032,14
11436,147,1424667124,14
11646,148,1424668435,14
11647,149,1424680045,438
11650,149,1424680116,490
11652,149,1424680127,51
11660,149,1424680169,97
11674,149,1424680244,236
11678,149,1424680266,444
11681,149,1424680282,175
11684,149,1424680298,282
11688,149,1424680319,400
11689,149,1424680325,410
11690,149,1424680398,478
11702,149,1424680509,361
11703,149,1424680514,155
11705,149,1424680525,99
11707,149,1424680536,248
11709,149,1424680546,404
11711,149,1424680557,379
11716,149,1424680584,281
11718,149,1424680594,447
11727,149,1424680641,111
11729,149,1424680651,416
11730,149,1424680656,264
11732,149,1424680666,174
11735,149,1424680681,184
11737,149,1424680692,412
11738,149,1424680697,81
11742,149,1424680718,468
11749,149,1424680754,182
11753,149,1424680774,349
11756,149,1424680790,3
11759,149,1424680806,310
11763,149,1424680827,371
11770,149,1424680863,105
11791,149,1424680973,351
11799,149,1424681017,164
11804,149,1424681042,306
11813,149,1424681089,249
11822,149,1424681135,29
11830,150,1424657548,72
11848,150,1424657647,20
11855,150,1424657697,358
11875,150,1424657813,434
11877,150,1424657825,208
11884,150,1424657872,366
11904,150,1424657984,64
11909,150,1424658015,189
11914,150,1424658042,276
11920,150,1424658076,103
11924,150,1424658103,483
11928,150,1424658127,216
11932,150,1424658149,420
11937,150,1424658180,65
11949,150,1424658246,489
11952,150,1424658263,272
11954,150,1424658273,385
11955,150,1424658279,448
11957,150,1424658291,258
11959,150,1424658304,102
11968,150,1424658354,401
11970,150,1424658365,278
11973,150,1424658381,331
11975,150,1424658392,438
11984,150,1424658441,141
11986,150,1424658452,298
11990,150,1424658474,490
11992,150,1424658486,51
11994,150,1424658497,97
11995,150,1424658502,236
11998,150,1424658519,444
12000,150,1424658530,175
12002,150,1424658541,282
12003,150,1424658546,400
12004,150,1424658551,410
12005,150,1424658556,255
12006,150,1424658562,91
12009,150,1424658579,341
12011,150,1424658590,28
12013,150,1424658601,266
12015,150,1424658611,478
12017,150,1424658622,361
12018,150,1424658629,250
12020,150,1424658641,440
12024,150,1424658666,472
12026,150,1424658677,151
12027,150,1424658683,168
12029,150,1424658694,317
12032,150,1424658710,254
12034,150,1424658721,497
12036,150,1424658733,365
12057,151,1424698838,493
12076,151,1424698950,190
12078,151,1424698962,21
12094,151,1424699050,457
12097,151,1424699065,256
12099,151,1424699077,138
12100,151,1424699082,499
12102,151,1424699094,389
12104,151,1424699104,63
12106,151,1424699115,136
12107,151,1424699120,373
12127,151,1424699231,7
12134,151,1424699271,265
12140,151,1424699303,471
12144,151,1424699325,126
12155,151,1424699384,440
12157,151,1424699394,250
12174,151,1424699488,155
12175,151,1424699494,361
12176,151,1424699500,478
12178,151,1424699512,266
12179,151,1424699518,28
12181,151,1424699529,341
12182,151,1424699535,91
12184,151,1424699546,410
12185,151,1424699551,400
12186,151,1424699556,282
12187,151,1424699562,175
12189,151,1424699573,444
12193,151,1424699595,236
12195,151,1424699606,51
12197,151,1424699618,490
12200,151,1424699635,298
12205,151,1424699662,141
12208,151,1424699677,438
12209,151,1424699683,331
12212,151,1424699699,278
12215,151,1424699715,401
12217,151,1424699726,102
12218,151,1424699732,258
12219,151,1424699737,448
12222,151,1424699753,385
12224,151,1424699764,272
12226,151,1424699775,489
12234,151,1424699820,65
12237,151,1424699836,420
12239,151,1424699848,216
12242,151,1424699864,483
12244,151,1424699875,103
12246,151,1424699885,276
12249,151,1424699903,189
12251,151,1424699914,441
12259,151,1424699956,366
12270,151,1424700018,64
12273,151,1424700034,452
12275,151,1424700045,362
12277,151,1424700056,407
12282,151,1424700084,245
12287,151,1424700113,434
12291,151,1424700137,159
12297,151,1424700170,476
12298,151,1424700176,283
12299,151,1424700181,72
12345,153,1425262198,72
12362,153,1425262298,20
12372,153,1425262353,358
12376,153,1425262376,263
12382,153,1425262409,434
12384,153,1425262420,208
12392,153,1425262465,366
12408,153,1425262556,64
12413,153,1425262582,189
12420,153,1425262623,276
12422,153,1425262635,103
12429,153,1425262675,483
12432,153,1425262694,216
12434,153,1425262704,420
12436,153,1425262715,65
12438,153,1425262725,489
12440,153,1425262737,272
12442,153,1425262748,385
12443,153,1425262754,448
12445,153,1425262765,258
12452,153,1425262805,102
12453,153,1425262810,401
12457,153,1425262832,278
12459,153,1425262842,331
12462,153,1425262860,438
12469,153,1425262898,141
12471,153,1425262910,298
12475,153,1425262931,490
12478,153,1425262948,51
12480,153,1425262959,97
12481,153,1425262964,236
12493,153,1425263030,444
12495,153,1425263042,175
12496,153,1425263048,282
12497,153,1425263054,400
12498,153,1425263059,410
12499,153,1425263064,255
12500,153,1425263070,91
12520,153,1425263181,341
12522,153,1425263193,28
12524,153,1425263204,266
12525,153,1425263209,478
12526,153,1425263214,361
12527,153,1425263221,250
12529,153,1425263233,440
12531,153,1425263244,126
12532,153,1425263250,472
12533,153,1425263255,151
12534,153,1425263260,168
12536,153,1425263270,317
12538,153,1425263283,254
12540,153,1425263293,497
12542,153,1425263305,365
12566,153,1425263438,470
12571,153,1425263464,227
12574,153,1425263480,373
12576,153,1425263491,136
12578,153,1425263502,63
12581,153,1425263518,389
12584,153,1425263534,499
12587,153,1425263551,138
12588,153,1425263556,256
12590,153,1425263567,457
12593,153,1425263583,21
12595,153,1425263593,357
12597,153,1425263605,83
12604,153,1425263644,190
12606,153,1425263656,493
12614,155,1425283549,476
12616,156,1426920551,308
12620,157,1427731684,76
12625,158,1427731829,76
12629,159,1429163075,283
12643,171,1429180155,283
12646,173,1429182394,476
12656,177,1429188081,476
12660,179,1429188414,476
12662,180,1429188505,476
12704,190,1429207585,476
12734,205,1429633604,283
12737,206,1429633784,283
12745,207,1429633850,283
12757,207,1429633967,476
12797,208,1429864746,283
12813,208,1429864853,159
12816,208,1429864871,476
12820,208,1429864897,72
12822,208,1429864910,336
12826,208,1429864934,117
12829,208,1429864957,498
12835,208,1429865003,279
12842,208,1429865060,244
12844,208,1429865074,414
12846,208,1429865086,230
12848,208,1429865098,56
12851,208,1429865116,473
12852,208,1429865122,364
12863,208,1429865195,222
12864,208,1429865200,386
12869,208,1429865237,188
12875,208,1429865275,466
12879,208,1429865303,311
12883,208,1429865348,406
12892,208,1429865407,262
12905,208,1429865482,246
12918,208,1429865575,431
12940,208,1429865702,285
12953,208,1429865781,26
12957,209,1429882000,76
13039,210,1430295323,444
13040,210,1430295340,282
13041,210,1430295353,400
13043,210,1430295383,255
13045,210,1430295442,91
13046,210,1430295452,341
13047,210,1430295468,266
13048,210,1430295481,478
13049,210,1430295493,361
13050,210,1430295506,99
13051,210,1430295516,248
13052,210,1430295528,404
13053,210,1430295539,379
13054,210,1430295585,324
13055,210,1430295600,447
13056,210,1430295612,416
13057,210,1430295625,264
13058,210,1430295637,174
13060,210,1430295668,81
13062,210,1430295697,468
13065,210,1430295740,182
13067,210,1430295765,349
13070,210,1430295801,3
13072,210,1430295823,310
13074,210,1430295844,371
13075,210,1430295877,105
13082,210,1430295969,351
13085,210,1430296003,164
13088,210,1430296038,306
13092,210,1430296084,249
13098,210,1430296181,29
13100,248,1430794841,249
13102,248,1430794885,306
13104,248,1430794907,164
13107,248,1430794938,351
13109,248,1430794962,105
13119,248,1430795076,310
13121,248,1430795097,3
13123,248,1430795118,349
13125,248,1430795189,81
13128,248,1430795227,184
13129,248,1430795237,174
13131,248,1430795262,416
13132,248,1430795274,111
13133,248,1430795284,281
13134,248,1430795294,379
13136,248,1430795320,404
13144,248,1430795413,248
13145,248,1430795423,99
13146,248,1430795433,155
13147,248,1430795500,266
13148,248,1430795537,28
13151,248,1430795569,341
13152,248,1430795580,91
13153,248,1430795592,255
13154,248,1430795604,400
13155,248,1430795614,282
13156,248,1430795629,175
13158,248,1430795649,444
13161,248,1430795683,236
13162,248,1430795694,51
13163,248,1430795706,490
13164,248,1430795717,298
13166,248,1430795782,141
13167,248,1430795793,438
13173,32446,1430899465,97
13174,32446,1430899479,444
13176,32446,1430899501,175
13177,32446,1430899519,400
13179,32446,1430899549,255
13184,32446,1430899626,91
13185,32446,1430899636,341
13186,32446,1430899660,28
13188,32446,1430899757,99
13189,32446,1430899767,248
13190,32446,1430899784,404
13191,32446,1430899795,379
13194,32446,1430899829,281
13195,32446,1430899841,447
13199,32446,1430899890,416
13200,32446,1430899900,264
13201,32446,1430899911,174
13203,32446,1430899933,184
13204,32446,1430899943,412
13205,32446,1430899957,81
13206,32446,1430899972,468
13207,32446,1430900046,349
13208,32446,1430900058,3
13211,32446,1430900089,310
13214,32446,1430900123,371
13217,32446,1430900170,105
13224,32446,1430900255,351
13226,32446,1430900344,306
13230,32446,1430900388,249
13235,32446,1430900468,29
13238,32447,1430899465,97
13239,32447,1430899479,444
13241,32447,1430899501,175
13242,32447,1430899519,400
13244,32447,1430899549,255
13249,32447,1430899626,91
13250,32447,1430899636,341
13251,32447,1430899660,28
13253,32447,1430899757,99
13254,32447,1430899767,248
13255,32447,1430899784,404
13256,32447,1430899795,379
13259,32447,1430899829,281
13260,32447,1430899841,447
13264,32447,1430899890,416
13265,32447,1430899900,264
13266,32447,1430899911,174
13268,32447,1430899933,184
13269,32447,1430899943,412
13270,32447,1430899957,81
13271,32447,1430899972,468
13272,32447,1430900046,349
13273,32447,1430900058,3
13276,32447,1430900089,310
13279,32447,1430900123,371
13282,32447,1430900170,105
13289,32447,1430900255,351
13291,32447,1430900344,306
13295,32447,1430900388,249
13300,32447,1430900468,29
13303,37945,1431071080,331
13304,37945,1431071090,438
13305,37945,1431071105,141
13307,37945,1431071144,298
13308,37945,1431071155,490
13309,37945,1431071167,51
13310,37945,1431071177,97
13311,37945,1431071189,236
13312,37945,1431071205,444
13314,37945,1431071233,175
13315,37945,1431071245,282
13316,37945,1431071256,400
13322,37945,1431071323,91
13323,37945,1431071334,341
13325,37945,1431071431,478
13326,37945,1431071503,176
13327,37945,1431071513,379
13329,37945,1431071545,281
13330,37945,1431071555,447
13333,37945,1431071614,174
13334,37945,1431071625,184
13335,37945,1431071635,412
13336,37945,1431071656,81
13338,37945,1431071678,468
13339,37945,1431071692,182
13340,37945,1431071703,349
13342,37945,1431071724,3
13343,37945,1431071778,371
13346,37945,1431071812,105
13350,37945,1431071861,351
13353,37945,1431071895,164
13355,37945,1431071916,306
13361,37945,1431071988,249
13364,37945,1431072020,29
13372,37945,1431072179,417
13385,37945,1431072328,76
13387,37949,1431159489,476
13388,37949,1431159499,283
13391,37951,1431426785,182
13392,37950,1431426785,182
13395,37951,1431426809,349
13396,37950,1431426809,349
13399,37951,1431426869,3
13400,37950,1431426869,3
13401,37951,1431426879,310
13402,37950,1431426879,310
13403,37951,1431426899,371
13404,37950,1431426899,371
13411,37951,1431426961,198
13412,37950,1431426961,198
13419,37951,1431427012,329
13420,37950,1431427012,329
13425,37951,1431427069,69
13426,37950,1431427069,69
13435,37951,1431427133,334
13436,37950,1431427133,334
13441,37951,1431427170,76
13442,37950,1431427170,76
13449,37953,1431590886,273
13450,37953,1431590895,129
13455,37953,1431591018,41
13458,37953,1431591089,325
13459,37953,1431591099,239
13461,37953,1431591120,146
13466,37953,1431591237,191
13467,37953,1431591269,454
13472,37953,1431591329,160
13473,37953,1431591339,432
13476,37953,1431591374,55
13478,37953,1431591395,286
13481,37953,1431591430,269
13482,37953,1431591440,140
13483,37953,1431591454,348
13485,37953,1431591477,82
13486,37953,1431591487,384
13487,37953,1431591499,387
13488,37953,1431591514,338
13489,37953,1431591525,192
13491,37953,1431591548,40
13492,37953,1431591559,235
13493,37953,1431591571,330
13496,37953,1431591606,309
13498,37953,1431591627,148
13501,37953,1431591663,393
13502,37953,1431591673,130
13503,37953,1431591692,68
13506,37953,1431591727,240
13507,37953,1431591738,332
13510,37953,1431591769,131
13515,37953,1431591826,318
13518,37953,1431591863,277
13524,37953,1431591929,409
13529,37953,1431591986,39
13531,37953,1431592007,455
13536,37953,1431592063,6
13556,37954,1431590886,273
13557,37954,1431590895,129
13562,37954,1431591018,41
13565,37954,1431591089,325
13566,37954,1431591099,239
13568,37954,1431591120,146
13573,37954,1431591237,191
13574,37954,1431591269,454
13579,37954,1431591329,160
13580,37954,1431591339,432
13583,37954,1431591374,55
13585,37954,1431591395,286
13588,37954,1431591430,269
13589,37954,1431591440,140
13590,37954,1431591454,348
13592,37954,1431591477,82
13593,37954,1431591487,384
13594,37954,1431591499,387
13595,37954,1431591514,338
13596,37954,1431591525,192
13598,37954,1431591548,40
13599,37954,1431591559,235
13600,37954,1431591571,330
13603,37954,1431591606,309
13605,37954,1431591627,148
13608,37954,1431591663,393
13609,37954,1431591673,130
13610,37954,1431591692,68
13613,37954,1431591727,240
13614,37954,1431591738,332
13617,37954,1431591769,131
13622,37954,1431591826,318
13625,37954,1431591863,277
13631,37954,1431591929,409
13636,37954,1431591986,39
13638,37954,1431592007,455
13643,37954,1431592063,6
13663,37955,1431601479,194
13666,37955,1431601520,24
13674,37955,1431601625,274
13677,37955,1431601661,80
13680,37955,1431601695,152
13682,37955,1431601717,481
13686,37955,1431601768,394
13688,37955,1431601792,201
13690,37955,1431601817,15
13691,37955,1431601830,380
13693,37955,1431601856,474
13696,37955,1431601886,293
13697,37955,1431601900,88
13699,37955,1431601920,424
13700,37955,1431601931,177
13702,37955,1431601952,83
13703,37955,1431601965,314
13716,37955,1431602188,217
13720,37955,1431602237,290
13728,37955,1431602425,74
13735,37955,1431602525,135
13745,37955,1431602652,480
13746,37955,1431602664,458
13750,37955,1431602708,170
13751,37955,1431602735,116
13755,37955,1431602778,359
13757,37955,1431602798,275
13759,37955,1431602818,79
13765,37955,1431602889,186
13773,37955,1431602990,479
13777,37955,1431603045,52
13779,37956,1431753248,19
13780,37956,1431753260,271
13786,37956,1431753308,241
13790,37956,1431753334,430
13796,37956,1431753372,85
13811,37957,1431754802,177
13812,37957,1431754816,424
13814,37957,1431754828,88
13815,37957,1431754833,293
13817,37957,1431754849,215
13818,37957,1431754854,380
13821,37957,1431754872,15
13822,37957,1431754879,201
13824,37957,1431754892,394
13825,37957,1431754906,481
13827,37957,1431754917,152
13829,37957,1431754935,80
13831,37957,1431754951,274
13834,37957,1431754969,24
13844,37957,1431755071,194
13845,37957,1431755077,316
13847,37957,1431755089,384
13848,37957,1431755094,387
13849,37957,1431755106,195
13850,37957,1431755114,134
13853,37957,1431755131,57
13856,37957,1431755150,210
13861,37957,1431755215,149
13862,37957,1431755277,121
13873,37957,1431755386,232
13878,37957,1431755413,321
13880,37957,1431755434,257
13881,37957,1431755441,356
13896,37957,1431755538,90
13927,37957,1431755745,27
13965,37960,1432008519,84
13968,37960,1432008561,243
13970,37960,1432008582,459
13972,37960,1432008603,273
13977,37960,1432008666,129
13981,37960,1432008719,41
13982,37960,1432008729,325
13983,37960,1432008739,239
13985,37960,1432008762,146
13996,37960,1432008897,292
13997,37960,1432008909,418
14000,37960,1432008944,326
14001,37960,1432008955,191
14002,37960,1432008969,454
14009,37960,1432009069,160
14010,37960,1432009081,432
14012,37960,1432009109,55
14017,37960,1432009165,286
14019,37960,1432009196,269
14020,37960,1432009206,140
14030,37960,1432009319,348
14035,37960,1432009382,82
14038,37960,1432009421,384
14039,37960,1432009433,387
14040,37960,1432009444,338
14050,37960,1432009555,192
14056,37960,1432009628,40
14061,37960,1432009682,235
14062,37960,1432009693,469
14063,37960,1432009706,330
14066,37960,1432009747,309
14070,37960,1432009789,148
14071,37960,1432009799,393
14072,37960,1432009809,130
14073,37960,1432009820,415
14074,37960,1432009832,68
14088,37960,1432010002,240
14092,37960,1432010047,353
14105,37961,1432033237,194
14106,37961,1432033253,24
14108,37961,1432033315,274
14109,37961,1432034542,359
14110,37961,1432034799,52
14111,37962,1431998276,223
14153,37962,1431998593,268
14162,37962,1431998652,143
14169,37962,1431998695,94
14178,37962,1431998761,137
14190,37962,1431998877,337
14203,37962,1431998969,79
14214,37962,1431999047,275
14217,37962,1431999067,359
14219,37962,1431999078,116
14222,37962,1431999104,170
14224,37962,1431999124,458
14227,37962,1431999178,480
14230,37962,1431999195,33
14234,37962,1431999222,185
14235,37962,1431999230,377
14239,37962,1431999261,157
14241,37962,1431999274,355
14244,37962,1431999294,374
14247,37962,1431999313,183
14249,37962,1431999330,45
14262,37962,1431999425,449
14268,37962,1431999500,228
14276,37962,1431999551,429
14284,37962,1431999618,303
14297,37962,1431999696,118
14304,37962,1431999736,319
14306,37962,1431999781,138
14314,37962,1431999845,256
14317,37962,1431999864,457
14320,37962,1431999881,21
14321,37962,1431999887,357
14323,37962,1431999910,83
14329,37962,1431999958,177
14333,37962,1431999987,424
14336,37962,1432000004,88
14342,37962,1432000080,293
14346,37962,1432000104,474
14347,37962,1432000120,215
14349,37962,1432000132,380
14356,37962,1432000187,15
14359,37962,1432000204,201
14367,37962,1432000252,394
14370,37962,1432000269,481
14372,37962,1432000280,152
14379,37962,1432000327,80
14389,37962,1432000431,274
14406,37962,1432000536,24
14424,37962,1432000681,194
14446,37962,1432000833,316
14452,37962,1432000877,384
14463,37962,1432000989,195
14475,37962,1432001065,134
14478,37962,1432001084,345
14479,37962,1432001089,57
14486,37962,1432001139,210
14489,37962,1432001160,149
14491,37962,1432001174,340
14521,37964,1432095689,306
14522,37964,1432095701,164
14523,37964,1432095715,351
14527,37964,1432095763,105
14534,37964,1432095842,310
14536,37964,1432095864,3
14538,37964,1432095886,349
14541,37964,1432095928,182
14543,37964,1432095949,468
14544,37964,1432095959,81
14545,37964,1432095971,412
14546,37964,1432096007,264
14547,37964,1432096036,111
14548,37964,1432096048,447
14549,37964,1432096059,281
14551,37964,1432096085,379
14552,37964,1432096099,404
14553,37964,1432096114,248
14554,37964,1432096127,99
14557,37964,1432096161,361
14558,37964,1432096172,266
14559,37964,1432096182,28
14562,37964,1432096213,341
14563,37964,1432096229,410
14564,37964,1432096242,175
14565,37964,1432096254,444
14566,37964,1432096267,97
14567,37964,1432096297,298
14568,37964,1432096309,141
14569,37964,1432096323,438
14571,37965,1432108402,284
14572,37965,1432108417,41
14573,37965,1432108433,239
14576,37965,1432108525,146
14577,37965,1432108572,292
14578,37965,1432108588,418
14580,37965,1432108727,286
14587,37965,1432108822,140
14588,37965,1432108833,348
14590,37965,1432108893,387
14591,37965,1432108998,338
14593,37965,1432109305,393
14595,37965,1432109338,68
14596,37965,1432109368,240
14597,37967,1432140090,476
14699,37969,1432215123,432
14701,37969,1432215147,160
14702,37969,1432215160,454
14703,37969,1432215174,191
14704,37969,1432215186,418
14708,37969,1432215235,292
14710,37969,1432215256,146
14712,37969,1432215286,239
14716,37969,1432215336,325
14717,37969,1432215350,284
14720,37969,1432215385,129
14726,37969,1432215458,273
14729,37969,1432215490,193
14735,37969,1432215560,344
14742,37969,1432215644,102
14745,37969,1432215689,463
14746,37969,1432215703,448
14749,37969,1432215734,385
14750,37969,1432215744,489
14752,37969,1432215773,65
14753,37969,1432215784,420
14757,37971,1432270525,476
14758,37971,1432270535,283
14759,37972,1432270525,476
14760,37972,1432270535,283
14761,37973,1432271990,476
14783,37979,1432279129,476
14800,37982,1432279576,476
14801,37983,1432279595,476
14808,37989,1432281028,490
14809,37989,1432281124,51
14810,37989,1432281185,236
14811,37989,1432281196,444
14812,37989,1432281233,400
14813,37989,1432281356,155
14814,37989,1432281378,248
14815,37989,1432281419,324
14817,37989,1432281444,447
14818,37989,1432281459,111
14819,37989,1432281472,416
14820,37989,1432281484,264
14823,37989,1432281523,174
14826,37989,1432281579,281
14827,37989,1432281592,379
14829,37989,1432281615,404
14831,37989,1432281636,99
14832,37989,1432281698,250
14834,37989,1432281720,440
14835,37989,1432281765,126
14836,37989,1432281775,472
14837,37989,1432281787,168
14838,37989,1432281797,317
14840,37989,1432281827,254
14841,37989,1432281844,497
14842,37989,1432281972,352
14845,37989,1432282010,133
14848,37989,1432282042,462
14849,37989,1432282052,212
14850,37989,1432282065,271
14851,37989,1432282140,241
14854,37989,1432282171,430
14862,37990,1432379663,476
14864,37992,1432470335,417
14865,37992,1432470534,105
14873,37992,1432470596,310
14875,37992,1432470607,3
14878,37992,1432470626,349
14881,37992,1432470646,182
14882,37992,1432470656,468
14883,37992,1432470664,81
14884,37992,1432470671,412
14885,37992,1432470677,184
14886,37992,1432470683,174
14888,37992,1432470695,264
14891,37992,1432470714,416
14892,37992,1432470720,111
14893,37992,1432470727,447
14894,37992,1432470732,281
14896,37992,1432470743,379
14897,37992,1432470751,404
14899,37992,1432470761,248
14901,37992,1432470775,99
14903,37992,1432470788,155
14915,37992,1432470866,361
14916,37992,1432470872,478
14931,37992,1432470982,250
14932,37992,1432471005,440
14933,37992,1432471012,126
14934,37992,1432471018,471
14936,37992,1432471038,265
14942,37992,1432471075,451
14962,37992,1432471228,142
15000,37992,1432471470,388
15053,37993,1432741093,476
15054,37995,1432786163,14
15102,37996,1432822206,287
15109,37996,1432822255,38
15114,37996,1432822288,209
15119,37996,1432822337,92
15122,37996,1432822368,238
15126,37996,1432822397,48
15128,37996,1432822408,220
15134,37996,1432822452,234
15142,37996,1432822509,78
15148,37996,1432822550,495
15153,37996,1432822583,11
15155,37996,1432822598,423
15160,37996,1432822637,259
15162,37996,1432822648,10
15230,37996,1432823169,233
15241,37996,1432823245,89
15247,37996,1432823285,261
15253,37996,1432823332,263
15260,37996,1432823382,20
15265,37996,1432823423,72
15266,37996,1432823429,336
15269,37996,1432823447,117
15272,37996,1432823470,498
15276,37996,1432823501,279
15282,37996,1432823545,244
15283,37996,1432823554,207
15287,37996,1432823583,308
15295,37996,1432823646,300
15300,37996,1432823680,488
15302,37996,1432823692,107
15309,37996,1432823735,406
15312,37996,1432823753,328
15313,37996,1432823761,123
15316,37996,1432823780,491
15318,37996,1432823797,320
15319,37996,1432823803,312
15322,37996,1432823825,436
15327,37996,1432823861,166
15334,37996,1432823909,323
15343,37996,1432823964,17
15362,37996,1432824078,31
15366,37997,1432822206,287
15373,37997,1432822255,38
15378,37997,1432822288,209
15383,37997,1432822337,92
15386,37997,1432822368,238
15390,37997,1432822397,48
15392,37997,1432822408,220
15398,37997,1432822452,234
15406,37997,1432822509,78
15412,37997,1432822550,495
15417,37997,1432822583,11
15419,37997,1432822598,423
15424,37997,1432822637,259
15426,37997,1432822648,10
15494,37997,1432823169,233
15505,37997,1432823245,89
15511,37997,1432823285,261
15517,37997,1432823332,263
15524,37997,1432823382,20
15529,37997,1432823423,72
15530,37997,1432823429,336
15533,37997,1432823447,117
15536,37997,1432823470,498
15540,37997,1432823501,279
15546,37997,1432823545,244
15547,37997,1432823554,207
15551,37997,1432823583,308
15559,37997,1432823646,300
15564,37997,1432823680,488
15566,37997,1432823692,107
15573,37997,1432823735,406
15576,37997,1432823753,328
15577,37997,1432823761,123
15580,37997,1432823780,491
15582,37997,1432823797,320
15583,37997,1432823803,312
15586,37997,1432823825,436
15591,37997,1432823861,166
15598,37997,1432823909,323
15607,37997,1432823964,17
15626,37997,1432824078,31
15630,37998,1432825637,476
15631,38000,1432871280,360
15636,38000,1432871333,242
15641,38000,1432871395,84
15643,38000,1432871420,243
15651,38000,1432871507,459
15653,38000,1432871536,180
15656,38000,1432871567,446
15658,38000,1432871590,272
15659,38000,1432871603,385
15662,38000,1432871634,448
15663,38000,1432871650,258
15665,38000,1432871680,102
15667,38000,1432871701,344
15668,38000,1432871713,193
15670,38000,1432871736,273
15672,38000,1432871763,129
15681,38000,1432871866,284
15688,38000,1432871945,325
15689,38000,1432871956,239
15693,38000,1432872005,146
15696,38000,1432872049,292
15707,38000,1432872177,326
15708,38000,1432872188,191
15709,38000,1432872198,454
15712,38000,1432872234,160
15720,38000,1432872328,432
15721,38000,1432872342,55
15725,38000,1432872394,286
15729,38000,1432872436,269
15730,38000,1432872447,350
15731,38000,1432872457,140
15732,38000,1432872467,348
15736,38000,1432872511,82
15739,38000,1432872544,492
15740,38000,1432872556,387
15742,38000,1432872577,338
15743,38000,1432872588,192
15745,38000,1432872608,40
15747,38000,1432872631,235
15748,38000,1432872642,469
15752,38000,1432872688,330
15756,38000,1432872740,309
15759,38000,1432872776,148
15763,38000,1432872826,393
15765,38000,1432872853,415
15766,38000,1432872866,68
15768,38001,1432886853,438
15769,38001,1432886893,141
15770,38001,1432886904,298
15779,38001,1432887009,490
15788,38001,1432887174,97
15791,38001,1432887214,236
15792,38001,1432887225,444
15795,38001,1432887261,175
15797,38001,1432887289,282
15802,38001,1432887370,400
15803,38001,1432887380,410
15804,38001,1432887400,91
15807,38001,1432887501,341
15809,38001,1432887530,28
15811,38001,1432887554,266
15812,38001,1432887565,361
15815,38001,1432887597,250
15824,38001,1432887704,440
15830,38001,1432887799,472
15831,38001,1432887813,168
15832,38001,1432887823,317
15833,38001,1432887837,254
15834,38001,1432887847,497
15835,38001,1432887858,365
15845,38001,1432887974,49
15847,38001,1432887997,352
15850,38001,1432888030,133
15852,38001,1432888092,271
15855,38001,1432888129,494
15856,38001,1432888141,354
15859,38001,1432888175,127
15861,38001,1432888196,305
15862,38001,1432888208,304
15863,38001,1432888224,485
15867,38001,1432888277,186
15869,38001,1432888302,479
15873,38001,1432888348,52
15883,38001,1432888489,295
15908,38001,1432888818,337
15909,38002,1432891821,53
15912,38002,1432891856,115
15934,38002,1432892006,237
15948,38002,1432892103,22
15955,38002,1432892186,413
15964,38002,1432892246,67
15969,38002,1432892277,109
15975,38002,1432892318,204
15982,38002,1432892365,297
15990,38002,1432892445,263
15994,38002,1432892468,358
16005,38002,1432892542,434
16006,38002,1432892551,208
16012,38002,1432892595,366
16024,38002,1432892668,64
16032,38002,1432892741,189
16047,38002,1432892833,276
16064,38002,1432892944,103
16075,38002,1432893043,483
16078,38002,1432893061,216
16080,38002,1432893080,420
16091,38002,1432893156,65
16092,38002,1432893161,489
16094,38002,1432893175,272
16095,38002,1432893180,385
16097,38002,1432893193,448
16098,38002,1432893200,258
16099,38002,1432893206,463
16106,38002,1432893253,102
16107,38002,1432893259,401
16109,38002,1432893273,278
16112,38002,1432893293,331
16114,38002,1432893305,438
16116,38002,1432893343,298
16119,38002,1432893359,490
16121,38002,1432893374,51
16123,38002,1432893386,97
16124,38002,1432893392,236
16131,38002,1432893434,444
16133,38002,1432893447,175
16135,38002,1432893458,400
16136,38002,1432893463,410
16137,38002,1432893476,91
16148,38002,1432893551,341
16150,38002,1432893563,28
16152,38002,1432893574,266
16156,38002,1432893602,478
16157,38002,1432893608,361
16158,38002,1432893644,250
16160,38002,1432893655,440
16163,38002,1432893671,472
16164,38002,1432893678,151
16165,38002,1432893684,168
16167,38002,1432893700,317
16169,38002,1432893710,254
16172,38002,1432893728,497
16173,38002,1432893733,365
16177,38002,1432893792,470
16186,38002,1432893860,49
16189,38002,1432893885,352
16194,38002,1432893947,462
16195,38002,1432893953,212
16196,38002,1432893961,271
16207,38002,1432894041,494
16209,38002,1432894053,354
16211,38002,1432894075,127
16212,38002,1432894080,305
16214,38002,1432894094,304
16217,38002,1432894117,485
16219,38002,1432894129,186
16229,38002,1432894194,79
16233,38002,1432894253,337
16234,38002,1432894271,137
16247,38002,1432894359,94
16258,38002,1432894421,143
16265,38002,1432894470,268
16272,38002,1432894548,223
16294,38003,1432966546,229
16299,38003,1432966575,370
16317,38003,1432966702,484
16339,38003,1432966850,367
16343,38003,1432966879,181
16347,38003,1432966903,421
16355,38003,1432966964,451
16356,38003,1432966974,265
16359,38003,1432966998,471
16361,38003,1432967011,126
16362,38003,1432967017,440
16364,38003,1432967038,250
16369,38003,1432967074,99
16372,38003,1432967093,248
16374,38003,1432967105,404
16375,38003,1432967111,379
16377,38003,1432967129,176
16394,38003,1432967308,44
16482,38012,1433297270,154
16490,38012,1433297334,52
16514,38012,1433297492,479
16527,38012,1433297575,186
16534,38012,1433297627,79
16538,38012,1433297655,275
16541,38012,1433297674,359
16543,38012,1433297686,116
16546,38012,1433297704,170
16547,38012,1433297709,458
16551,38012,1433297738,480
16559,38012,1433297788,33
16564,38012,1433297821,185
16565,38012,1433297827,377
16568,38012,1433297849,157
16570,38012,1433297863,355
16573,38012,1433297885,374
16576,38012,1433297902,183
16585,38012,1433297965,45
16594,38012,1433298032,449
16600,38012,1433298071,228
16607,38012,1433298121,429
16618,38012,1433298196,303
16625,38012,1433298251,118
16630,38012,1433298284,319
16634,38012,1433298316,256
16635,38012,1433298322,138
16641,38012,1433298360,196
16643,38012,1433298377,395
16647,38012,1433298399,289
16659,38012,1433298484,435
16670,38013,1433299218,435
16672,38013,1433299236,196
16679,38013,1433299282,138
16681,38013,1433299296,256
16684,38013,1433299318,457
16686,38013,1433299331,21
16694,38013,1433299381,357
16704,38013,1433299439,83
16710,38013,1433299478,177
16716,38013,1433299517,424
16721,38013,1433299547,88
16724,38013,1433299563,293
16730,38013,1433299602,215
16740,38013,1433299668,380
16744,38013,1433299699,15
16753,38013,1433299759,201
16761,38013,1433299817,394
16774,38013,1433299904,481
16786,38013,1433299998,152
16801,38013,1433300090,80
16816,38013,1433300192,274
16831,38013,1433300293,24
16849,38013,1433300409,194
16852,38013,1433300434,316
16856,38013,1433300461,384
16858,38013,1433300476,492
16859,38013,1433300483,82
16862,38013,1433300501,348
16883,38013,1433300643,387
16884,38013,1433300657,338
16886,38013,1433300667,192
16888,38013,1433300681,40
16895,38013,1433300726,235
16901,38013,1433300762,469
16903,38013,1433300778,330
16909,38013,1433300821,309
16912,38013,1433300841,148
16913,38013,1433300846,393
16915,38013,1433300859,130
16917,38013,1433300875,415
16919,38013,1433300887,68
16921,38013,1433300898,240
16923,38013,1433300911,332
16955,38015,1433318825,324
16957,38015,1433318847,281
16958,38015,1433318872,447
16959,38015,1433318921,174
16960,38015,1433318975,468
16962,38015,1433319007,182
16964,38015,1433319030,349
16965,38015,1433319040,3
16968,38015,1433319077,310
16971,38015,1433319111,371
16974,38015,1433319148,105
16981,38015,1433319259,351
16982,38015,1433319271,164
16985,38015,1433319302,306
16989,38015,1433319348,249
16993,38015,1433319402,29
17000,38016,1433335227,68
17001,38016,1433335237,415
17008,38016,1433335320,130
17015,38016,1433335413,393
17028,38016,1433335576,148
17030,38016,1433335599,309
17031,38016,1433335612,330
17032,38016,1433335623,469
17033,38016,1433335634,40
17034,38016,1433335644,187
17035,38016,1433335654,192
17036,38016,1433335664,338
17037,38016,1433335675,387
17039,38016,1433335698,492
17040,38016,1433335710,82
17041,38016,1433335729,348
17042,38016,1433335742,140
17054,38016,1433335878,350
17062,38016,1433335970,269
17071,38016,1433336075,286
17074,38016,1433336114,55
17082,38016,1433336212,432
17094,38016,1433336351,160
17096,38016,1433336378,454
17097,38016,1433336392,326
17098,38016,1433336406,418
17105,38016,1433336496,292
17106,38016,1433336508,146
17108,38016,1433336534,239
17114,38016,1433336611,325
17119,38016,1433336666,41
17120,38016,1433336683,284
17125,38016,1433336734,129
17131,38016,1433336797,273
17132,38017,1433501130,79
17133,38017,1433501140,275
17141,38017,1433501192,359
17143,38017,1433501203,116
17147,38017,1433501238,170
17152,38017,1433501267,458
17155,38017,1433501287,480
17161,38017,1433501333,33
17165,38017,1433501362,185
17166,38017,1433501369,377
17170,38017,1433501395,157
17174,38017,1433501417,355
17177,38017,1433501439,374
17179,38017,1433501449,183
17182,38017,1433501468,45
17183,38017,1433501475,449
17184,38017,1433501481,228
17185,38017,1433501487,429
17187,38017,1433501497,303
17188,38017,1433501504,118
17192,38017,1433501531,319
17194,38017,1433501545,256
17196,38017,1433501558,138
17197,38017,1433501567,196
17199,38017,1433501581,395
17202,38017,1433501598,289
17206,38017,1433501624,142
17208,38017,1433501645,388
17214,38017,1433501687,421
17224,38017,1433501755,34
17231,38017,1433501806,75
17318,38017,1433502411,453
17325,38017,1433502456,206
17327,38017,1433502469,203
17345,38017,1433502593,378
17351,38017,1433502644,247
17399,38017,1433502964,419
17421,38017,1433503109,158
17473,38017,1433503455,484
17496,38017,1433503600,367
17499,38017,1433503621,161
17525,38018,1433550525,50
17530,38019,1433815619,422
17531,38019,1433815625,33
17535,38019,1433815648,185
17540,38019,1433815690,377
17548,38019,1433815742,157
17552,38019,1433815773,355
17555,38019,1433815797,374
17557,38019,1433815813,183
17561,38019,1433815842,45
17575,38019,1433815941,449
17584,38019,1433815995,228
17592,38019,1433816042,429
17600,38019,1433816098,303
17605,38019,1433816135,118
17610,38019,1433816175,319
17613,38019,1433816193,256
17615,38019,1433816205,138
17631,38019,1433816315,457
17634,38019,1433816334,21
17636,38019,1433816346,357
17637,38019,1433816353,83
17638,38019,1433816362,231
17642,38019,1433816389,267
17648,38019,1433816432,443
17651,38019,1433816451,461
17658,38019,1433816507,58
17801,38020,1433937083,252
17802,38021,1433937083,252
17825,38020,1433937158,353
17826,38021,1433937158,353
17829,38020,1433937170,240
17830,38021,1433937170,240
17837,38020,1433937201,68
17838,38021,1433937201,68
17849,38020,1433937249,415
17850,38021,1433937249,415
17853,38020,1433937260,130
17854,38021,1433937260,130
17855,38020,1433937265,393
17856,38021,1433937265,393
17861,38020,1433937292,148
17862,38021,1433937292,148
17863,38020,1433937297,309
17864,38021,1433937297,309
17865,38020,1433937305,330
17866,38021,1433937305,330
17873,38020,1433937327,469
17874,38021,1433937327,469
17877,38020,1433937340,235
17878,38021,1433937340,235
17879,38020,1433937346,40
17880,38021,1433937346,40
17881,38020,1433937355,187
17882,38021,1433937355,187
17883,38020,1433937361,192
17884,38021,1433937361,192
17885,38020,1433937369,338
17886,38021,1433937369,338
17887,38020,1433937377,387
17888,38021,1433937377,387
17891,38020,1433937390,384
17892,38021,1433937390,384
17893,38020,1433937397,82
17894,38021,1433937397,82
17897,38020,1433937412,348
17898,38021,1433937412,348
17901,38020,1433937424,140
17902,38021,1433937424,140
17907,38020,1433937443,350
17908,38021,1433937443,350
17911,38020,1433937453,269
17912,38021,1433937453,269
17919,38020,1433937478,286
17920,38021,1433937478,286
17921,38020,1433937488,55
17922,38021,1433937488,55
17925,38021,1433937505,432
17926,38020,1433937505,432
17937,38021,1433937547,160
17938,38020,1433937547,160
17941,38021,1433937561,454
17942,38020,1433937561,454
17943,38021,1433937566,191
17944,38020,1433937566,191
17951,38021,1433937588,326
17952,38020,1433937588,326
17955,38021,1433937599,26
17956,38020,1433937599,26
17969,38021,1433937644,178
17970,38020,1433937644,178
18013,38022,1434545544,240
18015,38022,1434545564,68
18016,38022,1434545576,415
18017,38022,1434545586,130
18018,38022,1434545599,393
18019,38022,1434545612,148
18021,38022,1434545638,330
18023,38022,1434545660,469
18024,38022,1434545670,40
18025,38022,1434545682,187
18026,38022,1434545694,192
18028,38022,1434545717,338
18030,38022,1434545741,387
18031,38022,1434545752,384
18032,38022,1434545762,82
18035,38022,1434545799,348
18037,38022,1434545822,140
18040,38022,1434545862,350
18042,38022,1434545884,269
18043,38022,1434545894,286
18045,38022,1434545922,55
18052,38022,1434545998,432
18055,38022,1434546032,160
18057,38022,1434546055,454
18058,38022,1434546067,191
18059,38022,1434546080,326
18062,38022,1434546111,418
18064,38022,1434546136,292
18065,38022,1434546149,146
18066,38022,1434546163,239
18070,38022,1434546208,325
18071,38022,1434546222,284
18075,38022,1434546275,129
18080,38022,1434546345,273
18082,38022,1434546366,193
18088,38022,1434546447,344
18096,38022,1434546550,102
18097,38022,1434546562,258
18098,38022,1434546572,448
18101,38022,1434546605,385
18102,38022,1434546617,489
18107,38022,1434546676,65
18114,38022,1434546759,420
18119,38024,1434959042,184
18120,38024,1434959055,412
18121,38024,1434959065,81
18122,38024,1434959088,468
18124,38024,1434959111,182
18126,38024,1434959149,349
18128,38024,1434959169,3
18129,38024,1434959181,310
18130,38024,1434959192,371
18133,38024,1434959230,105
18139,38024,1434959314,351
18141,38024,1434959351,164
18142,38024,1434959448,249
18144,38024,1434959469,29
18159,38024,1434959641,417
18170,38024,1434959770,76
18238,38030,1437502413,283
18239,38031,1437634991,14
18364,38039,1439827248,226
18366,38044,1440656782,64
18368,38044,1440656811,452
18369,38044,1440656822,362
18370,38044,1440656837,386
18378,38044,1440656928,222
18381,38044,1440656968,488
18391,38044,1440657077,107
18394,38044,1440657112,406
18396,38044,1440657133,328
18397,38044,1440657146,123
18401,38044,1440657190,491
18403,38044,1440657210,320
18405,38044,1440657235,312
18406,38044,1440657246,436
18408,38044,1440657270,356
18415,38044,1440657356,321
18419,38044,1440657400,232
18424,38044,1440657456,121
18430,38044,1440657526,253
18438,38045,1440709252,232
18439,38045,1440709262,321
18441,38045,1440709283,257
18442,38045,1440709293,356
18448,38045,1440709364,436
18452,38045,1440709416,312
18454,38045,1440709441,320
18455,38045,1440709453,491
18457,38045,1440709482,123
18459,38045,1440709505,328
18460,38045,1440709517,406
18461,38045,1440709528,107
18465,38045,1440709583,488
18470,38045,1440709641,188
18472,38045,1440709662,222
18473,38045,1440709682,386
18474,38045,1440709695,362
18476,38045,1440709717,452
18477,38045,1440709728,64
18481,38045,1440709769,441
18503,38064,1445619659,46
18529,38069,1446553342,74
18534,38072,1448088934,54
18547,38072,1448089025,327
18551,38072,1448089055,172
18554,38072,1448089077,460
18555,38072,1448089087,347
18558,38072,1448089109,153
18560,38072,1448089123,474
18563,38072,1448089141,293
18565,38072,1448089157,88
18567,38072,1448089169,424
18568,38072,1448089178,177
18569,38072,1448089190,83
18571,38072,1448089201,357
18572,38072,1448089210,21
18573,38072,1448089216,457
18575,38072,1448089238,138
18576,38072,1448089246,499
18577,38072,1448089252,389
18578,38072,1448089263,63
18580,38072,1448089274,136
18581,38072,1448089279,373
18582,38072,1448089286,227
18584,38072,1448089302,470
18585,38072,1448089311,49
18589,38072,1448089333,352
18595,38072,1448089372,133
18598,38072,1448089390,462
18609,38072,1448089462,212
18614,38072,1448089493,271
18618,38072,1448089514,19
18622,38072,1448089539,241
18626,38072,1448089566,430
18629,38072,1448089583,85
18631,38072,1448089594,322
18638,38073,1448103555,322
18647,38073,1448103613,85
18651,38073,1448103638,430
18653,38073,1448103663,241
18665,38073,1448103735,19
18671,38073,1448103772,271
18692,38073,1448103920,212
18694,38073,1448103933,462
18695,38073,1448103941,133
18697,38073,1448103957,352
18702,38073,1448103990,49
18705,38073,1448104009,470
18708,38073,1448104029,227
18710,38073,1448104045,373
18711,38073,1448104052,63
18713,38073,1448104073,499
18715,38073,1448104089,256
18716,38073,1448104099,457
18717,38073,1448104109,21
18718,38073,1448104117,357
18719,38073,1448104125,83
18721,38073,1448104135,177
18723,38073,1448104147,424
18725,38073,1448104162,88
18726,38073,1448104179,293
18733,38073,1448104226,474
18740,38073,1448104274,153
18742,38073,1448104289,347
18747,38073,1448104323,460
18749,38073,1448104335,172
18753,38073,1448104364,327
18756,38073,1448104388,54
18768,38074,1448107224,54
18783,38074,1448107331,327
18788,38074,1448107366,172
18791,38074,1448107388,460
18794,38074,1448107406,347
18798,38074,1448107428,153
18800,38074,1448107440,474
18803,38074,1448107459,293
18805,38074,1448107470,88
18807,38074,1448107482,424
18808,38074,1448107492,177
18810,38074,1448107508,83
18814,38074,1448107545,231
18815,38074,1448107550,267
18819,38074,1448107575,443
18821,38074,1448107585,58
18823,38074,1448107596,197
18825,38074,1448107609,270
18827,38074,1448107626,87
18828,38074,1448107638,475
18838,38074,1448107711,142
18839,38074,1448107719,388
18863,38075,1448113559,33
18873,38075,1448113624,377
18877,38075,1448113652,157
18878,38075,1448113667,355
18880,38075,1448113680,374
18883,38075,1448113697,183
18885,38075,1448113711,45
18886,38075,1448113720,449
18887,38075,1448113725,228
18888,38075,1448113730,429
18890,38075,1448113743,303
18891,38075,1448113750,118
18894,38075,1448113768,319
18897,38075,1448113796,138
18906,38075,1448113859,256
18909,38075,1448113886,457
18910,38075,1448113893,21
18911,38075,1448113900,357
18912,38075,1448113906,83
18915,38075,1448113922,177
18917,38075,1448113935,424
18919,38075,1448113946,88
18920,38075,1448113954,293
18927,38075,1448114003,474
18931,38075,1448114032,153
18933,38075,1448114049,347
18936,38075,1448114070,460
18938,38075,1448114085,172
18941,38075,1448114101,327
18945,38075,1448114124,54
18954,38076,1448121302,54
18970,38076,1448121416,327
18975,38076,1448121447,172
18979,38076,1448121477,460
18981,38076,1448121488,347
18984,38076,1448121516,153
18985,38076,1448121522,474
18988,38076,1448121541,293
18990,38076,1448121557,88
18991,38076,1448121563,424
18993,38076,1448121573,177
18995,38076,1448121591,83
18997,38076,1448121603,357
18999,38076,1448121614,21
19000,38076,1448121622,457
19002,38076,1448121637,256
19007,38076,1448121675,319
19009,38076,1448121699,118
19011,38076,1448121712,303
19013,38076,1448121725,429
19015,38076,1448121737,228
19016,38076,1448121743,449
19017,38076,1448121751,45
19018,38076,1448121761,183
19020,38076,1448121776,374
19023,38076,1448121795,355
19026,38076,1448121817,157
19028,38076,1448121834,377
19039,38076,1448121902,185
19045,38076,1448121945,33
19048,38076,1448121969,422
19071,38077,1448258298,54
19087,38077,1448258409,327
19093,38077,1448258445,172
19097,38077,1448258467,460
19100,38077,1448258485,347
19102,38077,1448258505,153
19104,38077,1448258516,474
19107,38077,1448258537,293
19111,38077,1448258569,88
19113,38077,1448258583,424
19115,38077,1448258597,177
19117,38077,1448258614,83
19129,38077,1448258697,231
19131,38077,1448258709,267
19134,38077,1448258731,443
19137,38077,1448258751,58
19142,38079,1448258872,58
19144,38079,1448258888,197
19151,38079,1448258929,270
19153,38079,1448258940,87
19155,38079,1448258956,475
19174,38079,1448259076,443
19179,38079,1448259108,267
19188,38079,1448259169,231
19189,38079,1448259175,83
19190,38079,1448259181,177
19196,38079,1448259221,424
19199,38079,1448259255,88
19201,38079,1448259271,293
19207,38079,1448259318,474
19222,38079,1448259427,153
19224,38079,1448259439,347
19228,38079,1448259462,460
19230,38079,1448259475,172
19233,38079,1448259506,327
19234,38079,1448259514,54
19238,38079,1448259542,428
19245,38080,1448278951,54
19261,38080,1448279053,327
19265,38080,1448279079,172
19269,38080,1448279104,460
19271,38080,1448279115,347
19275,38080,1448279140,153
19277,38080,1448279150,474
19280,38080,1448279176,293
19281,38080,1448279182,88
19283,38080,1448279194,424
19285,38080,1448279206,177
19287,38080,1448279227,83
19293,38080,1448279272,231
19295,38080,1448279289,267
19297,38080,1448279299,443
19299,38080,1448279310,58
19302,38081,1448286485,161
19311,38081,1448286556,87
19318,38081,1448286603,270
19324,38081,1448286639,197
19328,38081,1448286667,58
19338,38081,1448286735,443
19341,38081,1448286750,267
19348,38081,1448286788,231
19350,38081,1448286800,83
19355,38081,1448286833,357
19357,38081,1448286846,21
19358,38081,1448286851,457
19360,38081,1448286862,256
19362,38081,1448286876,499
19364,38081,1448286889,389
19365,38081,1448286897,63
19367,38081,1448286908,136
19368,38081,1448286913,373
19369,38081,1448286919,227
19371,38081,1448286931,470
19374,38081,1448286948,49
19390,38081,1448287047,352
19395,38081,1448287088,133
19397,38081,1448287102,462
19401,38081,1448287127,212
19406,38081,1448287160,271
19409,38081,1448287177,19
19413,38081,1448287203,241
19421,38081,1448287255,430
19424,38082,1448313004,322
19442,38082,1448313120,405
19456,38082,1448313225,19
19473,38082,1448313339,271
19476,38082,1448313361,212
19477,38082,1448313367,462
19478,38082,1448313373,133
19482,38082,1448313404,352
19487,38082,1448313437,49
19492,38082,1448313470,470
19504,38082,1448313558,227
19506,38082,1448313574,373
19508,38082,1448313585,136
19509,38082,1448313591,63
19511,38082,1448313602,389
19513,38082,1448313614,499
19515,38082,1448313626,256
19517,38082,1448313637,457
19519,38082,1448313654,21
19520,38082,1448313659,357
19521,38082,1448313665,83
19523,38082,1448313676,177
19525,38082,1448313691,424
19526,38082,1448313697,88
19528,38082,1448313707,293
19536,38082,1448313756,474
19540,38082,1448313781,153
19542,38082,1448313792,347
19545,38082,1448313814,460
19547,38082,1448313831,172
19551,38082,1448313857,327
19553,38082,1448313872,54
19558,38084,1450298596,152
19563,38090,1451779092,477
19565,38092,1453204861,131
