track_id,time,gate
1,1410585872,161
1,1410585899,367
1,1410585921,181
1,1410585943,421
1,1410585966,451
1,1410586043,265
1,1410586064,471
1,1410586081,126
1,1410586098,440
1,1410586120,250
1,1410586226,99
1,1410586242,248
1,1410586259,404
1,1410586264,379
1,1410586275,281
1,1410586281,447
1,1410586316,111
2,1410608274,161
2,1410608302,367
2,1410608324,181
2,1410608351,421
2,1410608361,388
2,1410608396,142
2,1410608439,475
2,1410608445,289
2,1410608467,395
2,1410608483,196
2,1410608494,138
2,1410608504,256
2,1410608510,319
2,1410608532,118
2,1410608554,303
2,1410608564,429
2,1410608570,228
2,1410608575,449
2,1410608586,45
2,1410608597,183
2,1410608609,374
2,1410608625,355
2,1410608647,157
2,1410608659,377
2,1410608730,185
2,1410608763,33
2,1410608794,422
3,1410923363,441
3,1410923384,189
3,1410923395,276
3,1410923427,103
3,1410923469,483
3,1410923489,392
4,1410923363,360
4,1410923384,242
4,1410923427,84
4,1410923448,243
4,1410923469,459
4,1410923500,273
4,1410923586,129
4,1410923887,284
4,1410923909,41
4,1410923920,239
4,1410923975,146
4,1410924082,292
4,1410924247,418
4,1410924258,326
4,1410924269,191
4,1410924280,454
4,1410924355,160
4,1410924365,432
4,1410924386,55
4,1410924427,286
4,1410924552,269
4,1410924563,350
4,1410924606,140
4,1410924637,348
4,1410924647,390
4,1410924688,82
4,1410924699,492
4,1410924709,384
4,1410924719,387
4,1410924730,338
4,1410924761,192
4,1410924783,40
4,1410924793,235
4,1410924803,469
4,1410924814,330
4,1410924824,309
4,1410924834,148
4,1410924845,393
4,1410924855,130
4,1410924866,415
4,1410924877,68
4,1410924920,240
4,1410924941,332
4,1410924963,131
4,1410924994,318
8,1411738013,471
8,1411738089,126
8,1411738111,472
8,1411738117,151
10,1411801102,277
11,1411917562,107
11,1411917609,262
11,1411917647,246
11,1411917733,431
11,1411917739,291
11,1411917755,60
11,1411917850,437
11,1411917861,167
11,1411917883,408
11,1411917899,17
11,1411918059,31
12,1412064452,276
12,1412064474,103
12,1412064536,483
12,1412064547,392
12,1412064590,32
13,1412064980,360
13,1412065094,242
13,1412065116,84
13,1412065262,243
13,1412065294,459
13,1412065315,180
13,1412065336,446
13,1412065347,272
13,1412065368,385
13,1412065378,448
13,1412065389,258
13,1412065410,102
13,1412065441,344
13,1412065569,193
13,1412065621,273
13,1412065695,129
13,1412065811,284
13,1412065910,41
13,1412065931,239
13,1412065994,146
13,1412066005,292
13,1412066111,418
13,1412066143,191
13,1412066153,454
13,1412066208,160
13,1412066218,432
13,1412066283,55
13,1412066315,286
13,1412066495,269
13,1412066505,140
13,1412066525,348
13,1412066567,82
13,1412066598,492
13,1412066609,387
13,1412066630,338
13,1412066651,192
13,1412066662,40
13,1412066672,235
13,1412066682,469
13,1412066692,330
13,1412066702,148
13,1412066734,393
13,1412066754,130
13,1412066764,415
13,1412066775,68
13,1412066807,240
13,1412066828,332
13,1412066849,131
14,1412756438,283
16,1412768432,408
16,1412768478,167
16,1412768496,437
16,1412768535,60
16,1412768546,431
16,1412768638,246
16,1412768659,262
16,1412768681,406
16,1412768720,107
16,1412768754,488
16,1412768786,300
16,1412768814,414
16,1412769076,244
16,1412769087,279
16,1412769093,498
16,1412769138,117
16,1412769160,336
16,1412769186,20
16,1412769197,72
16,1412769209,283
17,1412768432,283
17,1412768496,159
17,1412768513,476
17,1412768535,72
17,1412768561,336
17,1412768583,117
17,1412768628,498
17,1412768654,279
17,1412768715,244
17,1412768720,414
17,1412768732,230
17,1412768743,56
17,1412768759,473
17,1412768824,222
17,1412768852,188
17,1412768869,488
17,1412768909,107
17,1412768971,406
17,1412769043,328
17,1412769059,465
17,1412769099,123
17,1412769104,491
17,1412769122,320
17,1412769175,368
17,1412769192,166
17,1412769559,323
17,1412769608,17
18,1413358532,279
18,1413358542,498
18,1413358562,244
18,1413358572,414
18,1413358603,230
18,1413358616,56
18,1413358659,473
18,1413358680,364
18,1413358691,386
18,1413358701,362
18,1413358734,452
18,1413358744,64
19,1413358532,84
19,1413358670,243
19,1413358701,459
19,1413358744,273
19,1413359936,129
19,1413359988,284
19,1413360061,41
19,1413360071,325
19,1413360082,239
19,1413360125,146
19,1413360199,292
19,1413360209,418
19,1413360254,326
19,1413360264,454
19,1413360361,160
19,1413360372,432
19,1413360437,55
19,1413360479,286
19,1413360509,269
19,1413360531,350
19,1413360541,140
19,1413360551,390
19,1413360562,348
19,1413360594,82
19,1413360625,492
19,1413360636,384
19,1413360646,387
19,1413360657,338
19,1413360668,192
19,1413360689,40
19,1413360700,469
19,1413360710,330
19,1413360720,148
19,1413360752,393
19,1413360763,130
19,1413360774,415
19,1413360785,68
20,1413457008,56
20,1413457031,473
20,1413457042,364
20,1413457088,222
20,1413457094,386
20,1413457111,219
20,1413457169,339
20,1413457189,32
20,1413457478,360
20,1413457571,242
20,1413457608,84
20,1413457707,243
20,1413457735,459
20,1413457789,193
20,1413457877,376
20,1413457909,96
21,1413457008,56
21,1413457031,473
21,1413457042,364
21,1413457088,222
21,1413457094,386
21,1413457111,219
21,1413457169,339
21,1413457189,32
21,1413457478,360
21,1413457571,242
21,1413457608,84
21,1413457707,243
21,1413457735,459
21,1413457789,193
21,1413457877,376
21,1413457909,96
22,1413465556,96
22,1413465684,402
22,1413465726,14
22,1413465755,331
22,1413465772,438
22,1413465849,141
22,1413465939,298
22,1413466008,490
22,1413466086,51
22,1413466168,97
22,1413466179,236
22,1413466255,444
22,1413466267,175
22,1413466278,282
22,1413466283,400
22,1413466289,410
22,1413466395,255
22,1413466401,91
22,1413466436,341
22,1413466453,28
22,1413466502,266
22,1413466512,478
22,1413466611,361
22,1413466633,155
22,1413466639,99
22,1413466650,248
22,1413466656,404
22,1413466667,379
22,1413466716,281
22,1413466733,447
22,1413466749,111
22,1413466755,416
22,1413466767,264
22,1413466777,174
22,1413466794,184
22,1413466809,412
22,1413466816,81
22,1413466842,468
22,1413466859,182
22,1413466875,349
22,1413466896,3
22,1413466913,310
22,1413466923,371
22,1413466951,198
22,1413467000,329
22,1413467038,69
22,1413467076,334
22,1413467104,76
23,1413566733,485
23,1413566750,304
23,1413566761,305
23,1413566772,127
23,1413566783,354
23,1413566799,494
23,1413566817,271
23,1413566922,19
23,1413566955,241
23,1413567021,430
23,1413567330,186
23,1413567342,479
23,1413567397,52
23,1413567511,29
23,1413567595,417
23,1413567628,76
24,1413794632,24
24,1413794642,194
24,1413794685,316
24,1413794695,384
24,1413794705,387
24,1413794726,195
24,1413794769,134
24,1413794790,345
24,1413794800,57
24,1413794877,210
24,1413795367,332
24,1413795378,131
24,1413795431,318
25,1413805035,134
25,1413806501,52
26,1413962538,52
26,1413962983,479
26,1413963310,359
26,1413963321,116
26,1413963569,135
26,1413963635,74
26,1413963784,290
26,1413963847,217
26,1413963920,314
26,1413964078,83
26,1413964665,24
26,1413965036,57
26,1413965046,210
26,1413965384,134
26,1413965551,195
26,1413965572,387
26,1413965582,338
26,1413965667,192
26,1413965783,40
26,1413965856,235
26,1413965960,469
26,1413966002,330
26,1413966066,309
26,1413966086,148
26,1413966107,393
26,1413966129,130
26,1413966139,68
26,1413966192,240
26,1413966214,332
26,1413966236,131
26,1413966267,318
26,1413966372,277
26,1413966468,409
26,1413966499,252
26,1413966541,39
26,1413966636,455
26,1413966687,6
27,1413962538,52
27,1413962983,479
27,1413963310,359
27,1413963321,116
27,1413963569,135
27,1413963635,74
27,1413963784,290
27,1413963847,217
27,1413963920,314
27,1413964078,83
27,1413964665,24
27,1413965036,57
27,1413965046,210
27,1413965384,134
27,1413965551,195
27,1413965572,387
27,1413965582,338
27,1413965667,192
27,1413965783,40
27,1413965856,235
27,1413965960,469
27,1413966002,330
27,1413966066,309
27,1413966086,148
27,1413966107,393
27,1413966129,130
27,1413966139,68
27,1413966192,240
27,1413966214,332
27,1413966236,131
27,1413966267,318
27,1413966372,277
27,1413966468,409
27,1413966499,252
27,1413966541,39
27,1413966636,455
27,1413966687,6
28,1414080565,279
28,1414080570,244
28,1414080633,414
28,1414080643,230
28,1414080654,56
28,1414080669,473
28,1414080680,364
28,1414080712,222
28,1414080733,188
28,1414080750,488
28,1414080778,107
28,1414080828,406
28,1414080867,328
28,1414080884,465
28,1414080895,251
28,1414080917,60
28,1414081038,437
28,1414081099,167
28,1414081147,408
28,1414081826,323
28,1414081882,368
28,1414081894,166
28,1414081909,398
28,1414081959,17
28,1414082083,31
30,1415122695,61
30,1415122744,260
30,1415122782,162
30,1415122827,299
30,1415122877,16
30,1415122920,296
30,1415122942,150
30,1415122982,71
30,1415123053,128
30,1415123114,382
30,1415123159,214
30,1415123202,396
30,1415123251,4
30,1415123302,37
30,1415123319,144
30,1415123341,342
30,1415123375,372
30,1415123409,114
30,1415123426,375
30,1415123448,145
30,1415123499,179
30,1415123537,73
30,1415123586,9
30,1415123643,313
30,1415123688,42
30,1415123739,156
30,1415123787,8
30,1415123814,95
30,1415123852,165
30,1415123929,18
30,1415124059,124
30,1415124110,315
30,1415124147,59
30,1415124233,399
30,1415124285,35
31,1415122695,61
30,1415124317,213
30,1415124339,363
31,1415122744,260
30,1415124362,120
31,1415122782,162
30,1415124401,77
30,1415124435,456
31,1415122827,299
30,1415124452,202
30,1415124467,486
30,1415124484,113
31,1415122877,16
30,1415124507,391
30,1415124529,2
31,1415122920,296
31,1415122942,150
30,1415124580,496
31,1415122982,71
30,1415124645,98
31,1415123053,128
30,1415124707,50
31,1415123114,382
31,1415123159,214
30,1415124800,93
31,1415123202,396
30,1415124861,381
30,1415124873,333
31,1415123251,4
30,1415124916,25
31,1415123302,37
31,1415123319,144
30,1415124961,294
31,1415123341,342
31,1415123375,372
30,1415125002,104
31,1415123409,114
31,1415123426,375
30,1415125051,369
31,1415123448,145
30,1415125085,43
30,1415125108,101
31,1415123499,179
31,1415123537,73
30,1415125153,221
30,1415125198,411
31,1415123586,9
31,1415123643,313
30,1415125281,147
31,1415123688,42
30,1415125330,122
31,1415123739,156
30,1415125379,218
31,1415123787,8
30,1415125418,427
31,1415123814,95
31,1415123852,165
30,1415125468,139
31,1415123929,18
30,1415125546,132
30,1415125602,425
30,1415125637,30
31,1415124059,124
30,1415125671,346
30,1415125705,66
31,1415124110,315
30,1415125727,403
31,1415124147,59
30,1415125767,106
30,1415125827,5
31,1415124233,399
30,1415125882,226
31,1415124285,35
31,1415124317,213
30,1415125936,307
31,1415124339,363
31,1415124362,120
30,1415125975,163
31,1415124401,77
30,1415126018,86
31,1415124435,456
31,1415124452,202
31,1415124467,486
31,1415124484,113
30,1415126082,62
31,1415124507,391
31,1415124529,2
30,1415126138,119
31,1415124580,496
30,1415126184,224
31,1415124645,98
30,1415126234,23
31,1415124707,50
31,1415124800,93
31,1415124861,381
31,1415124873,333
31,1415124916,25
31,1415124961,294
31,1415125002,104
31,1415125051,369
31,1415125085,43
31,1415125108,101
31,1415125153,221
31,1415125198,411
31,1415125281,147
31,1415125330,122
31,1415125379,218
31,1415125418,427
31,1415125468,139
31,1415125546,132
31,1415125602,425
31,1415125637,30
31,1415125671,346
31,1415125705,66
31,1415125727,403
31,1415125767,106
31,1415125827,5
31,1415125882,226
31,1415125936,307
31,1415125975,163
31,1415126018,86
31,1415126082,62
31,1415126138,119
31,1415126184,224
31,1415126234,23
33,1416299876,360
33,1416299973,242
33,1416300036,84
33,1416300079,243
33,1416300101,459
33,1416300123,180
33,1416300176,446
33,1416300187,272
33,1416300251,385
33,1416300282,448
33,1416300334,258
33,1416300345,401
33,1416300356,344
33,1416300451,193
33,1416300558,273
33,1416300568,129
33,1416300683,284
33,1416300705,41
33,1416300716,325
33,1416300747,239
33,1416300790,146
33,1416300902,292
33,1416300913,418
33,1416300935,326
33,1416300945,191
33,1416300977,454
33,1416301031,160
33,1416301116,432
33,1416301127,55
33,1416301149,286
33,1416301329,269
33,1416301340,350
33,1416301351,140
33,1416301361,348
33,1416301382,82
33,1416301413,492
33,1416301424,387
33,1416301446,338
33,1416301457,192
33,1416301479,40
33,1416301490,469
33,1416301500,330
33,1416301531,309
33,1416301646,148
33,1416301730,393
33,1416301845,130
33,1416301919,415
34,1417172760,283
34,1417172766,476
34,1417172777,159
34,1417172815,72
34,1417172829,336
34,1417172849,117
34,1417172867,498
34,1417172889,279
34,1417172938,244
34,1417172955,207
34,1417172985,308
35,1417172760,308
35,1417172849,207
35,1417172867,300
35,1417172900,488
35,1417172912,107
35,1417172967,406
35,1417172996,328
35,1417173007,465
35,1417173018,123
35,1417173023,491
35,1417173034,320
35,1417173063,368
35,1417173073,166
35,1417173112,323
35,1417173158,17
35,1417173283,31
36,1417174305,31
36,1417174344,17
36,1417174382,398
36,1417174432,257
36,1417174459,321
36,1417174492,112
36,1417174536,433
36,1417174603,288
36,1417174623,13
37,1417173069,308
37,1417173152,207
37,1417173169,300
37,1417173203,488
37,1417173214,107
37,1417173268,406
37,1417173296,328
37,1417173313,465
37,1417173324,123
37,1417173330,491
37,1417173341,320
37,1417173359,368
37,1417173371,166
37,1417173410,323
37,1417173448,17
37,1417173587,31
38,1417173069,17
38,1417173158,31
38,1417173169,398
38,1417173224,257
38,1417173251,321
38,1417173286,112
38,1417173330,433
38,1417173394,288
38,1417173416,13
39,1417173069,13
39,1417173214,340
39,1417173274,149
39,1417173291,210
39,1417173318,57
39,1417173330,134
39,1417173336,195
39,1417173353,387
39,1417173359,384
39,1417173365,173
39,1417173371,316
39,1417173382,194
39,1417173421,24
39,1417173448,274
39,1417173464,80
39,1417173490,152
39,1417173505,481
39,1417173516,394
39,1417173530,201
39,1417173542,15
39,1417173587,380
39,1417173602,215
39,1417173614,474
39,1417173619,293
39,1417173624,88
39,1417173635,424
39,1417173645,177
39,1417173656,83
39,1417174324,231
39,1417174347,267
40,1417173069,231
40,1417173119,83
40,1417173152,267
40,1417173169,443
40,1417173180,58
40,1417173191,197
40,1417173235,270
40,1417173274,161
40,1417173394,367
40,1417173410,484
40,1417173427,158
40,1417173500,419
40,1417173542,100
40,1417173597,383
40,1417173629,171
40,1417173656,325
40,1417174324,41
40,1417174347,302
40,1417174401,169
40,1417174433,482
40,1417174462,0
40,1417174541,466
40,1417174552,311
40,1417174608,488
40,1417174653,188
40,1417174703,300
40,1417174726,414
40,1417174737,207
40,1417174742,244
40,1417175290,308
41,1417244991,283
41,1417244996,476
41,1417245001,159
41,1417245194,72
41,1417245215,20
41,1417245243,336
41,1417245265,117
41,1417245286,498
41,1417245313,279
41,1417245381,244
41,1417245393,414
41,1417245404,230
41,1417245416,56
41,1417245427,473
41,1417245433,364
41,1417245506,222
41,1417245512,386
41,1417245598,188
41,1417245630,466
41,1417245832,0
41,1417245858,482
41,1417245913,169
41,1417245962,243
41,1417246016,302
41,1417246047,129
41,1417246183,376
41,1417246235,467
41,1417246274,487
41,1417246296,280
41,1417246317,278
41,1417246350,331
41,1417246365,438
41,1417246375,141
41,1417246391,298
41,1417246410,490
41,1417246433,51
41,1417246438,97
41,1417246444,236
41,1417246454,444
41,1417246465,175
41,1417246471,282
41,1417246476,400
41,1417246481,410
41,1417246487,255
41,1417246493,91
41,1417246592,341
41,1417246608,28
41,1417246618,266
41,1417246629,478
41,1417246635,361
41,1417246641,250
41,1417246656,440
41,1417246708,126
41,1417246714,472
41,1417246720,151
41,1417246725,168
41,1417246737,317
41,1417246752,254
41,1417246763,497
41,1417246773,365
41,1417246845,470
41,1417246856,49
41,1417246879,352
41,1417246915,133
41,1417246937,462
41,1417246949,212
41,1417246955,271
41,1417246971,494
41,1417246982,354
41,1417246998,127
41,1417247009,305
41,1417247019,304
41,1417247035,485
41,1417247069,186
41,1417247176,79
41,1417247242,337
41,1417247286,108
41,1417247329,397
42,1417244991,397
42,1417245012,108
42,1417245045,12
42,1417245270,337
42,1417245364,295
42,1417245387,186
42,1417245506,485
42,1417245533,304
42,1417245544,305
42,1417245554,127
42,1417245566,354
42,1417245582,494
42,1417245598,271
42,1417245641,212
42,1417245651,462
42,1417245662,133
42,1417245685,352
42,1417245718,49
42,1417245739,470
42,1417245744,365
42,1417245750,497
42,1417245756,254
42,1417245772,317
42,1417245782,168
42,1417245792,151
42,1417245798,472
42,1417245803,126
42,1417245809,440
42,1417245820,250
42,1417245832,99
42,1417245837,155
42,1417245978,248
42,1417245989,404
42,1417246000,379
43,1417253128,447
43,1417253190,111
43,1417253201,416
43,1417253212,264
43,1417253229,174
43,1417253330,281
43,1417253335,379
43,1417253346,404
43,1417253352,248
43,1417253380,99
43,1417253390,155
43,1417253396,478
43,1417253407,266
43,1417253417,28
43,1417253428,341
43,1417253444,91
43,1417253455,410
43,1417253462,400
43,1417253467,282
43,1417253473,175
43,1417253478,444
43,1417253515,236
43,1417253521,97
43,1417253527,51
43,1417253538,490
43,1417253549,298
43,1417253576,141
43,1417253592,438
43,1417253604,331
43,1417253631,401
43,1417253662,448
43,1417253668,385
43,1417253674,272
43,1417253686,489
43,1417253697,65
43,1417253708,420
43,1417253720,216
43,1417253853,483
43,1417253864,103
43,1417253876,276
43,1417253888,189
43,1417253899,441
43,1417253915,366
43,1417253963,64
43,1417253979,452
43,1417253994,362
43,1417254011,407
43,1417254028,245
43,1417254053,434
43,1417254069,72
43,1417254075,20
43,1417254120,283
44,1417354762,476
44,1417354780,72
44,1417354794,336
44,1417354816,117
44,1417354834,498
44,1417354863,279
44,1417354874,244
44,1417354884,414
44,1417354895,230
44,1417354907,56
44,1417354923,473
44,1417354934,364
44,1417354984,222
44,1417354989,386
44,1417355005,219
44,1417355015,339
45,1417354762,476
45,1417354780,72
45,1417354794,336
45,1417354816,117
45,1417354834,498
45,1417354863,279
45,1417354874,244
45,1417354884,414
45,1417354895,230
45,1417354907,56
45,1417354923,473
45,1417354934,364
45,1417354984,222
45,1417354989,386
45,1417355005,219
45,1417355015,339
46,1417354762,219
46,1417354821,386
46,1417354962,362
46,1417354973,452
46,1417355005,407
46,1417355020,245
46,1417355047,434
46,1417355204,20
46,1417355210,358
46,1417355221,263
46,1417355266,297
46,1417355327,204
46,1417355378,109
46,1417355418,67
46,1417355447,413
47,1417856636,20
47,1417856647,72
47,1417856653,336
47,1417856671,117
47,1417856688,498
47,1417856723,279
47,1417856728,244
47,1417856740,414
47,1417856746,230
47,1417856760,56
47,1417856776,473
47,1417856786,364
47,1417856838,222
47,1417856866,188
47,1417856911,466
47,1417857001,0
47,1417857027,482
47,1417857083,169
47,1417857116,302
47,1417857193,41
47,1417857258,325
47,1417857274,171
47,1417857307,383
47,1417857374,100
47,1417857398,419
47,1417857437,158
47,1417857494,484
47,1417857515,161
47,1417857531,270
47,1417857559,197
47,1417857622,58
47,1417857634,443
47,1417857650,267
47,1417857667,231
47,1417857684,83
48,1417856636,231
48,1417856641,267
48,1417856671,443
48,1417856682,58
48,1417856694,197
48,1417856746,270
48,1417856765,161
48,1417856786,367
48,1417856792,484
48,1417856803,158
48,1417856833,419
48,1417856866,100
48,1417856882,383
48,1417856905,171
48,1417856933,325
48,1417856983,41
48,1417857001,302
48,1417857027,169
48,1417857128,482
48,1417857148,0
48,1417857258,466
48,1417857269,311
48,1417857329,488
48,1417857408,300
48,1417857432,414
48,1417857482,244
48,1417857494,279
48,1417857499,498
48,1417857520,117
48,1417857536,336
48,1417857559,72
48,1417857565,20
48,1417857587,283
49,1418112912,464
49,1418112932,70
49,1418113250,80
49,1418113289,335
49,1418113353,194
49,1418113367,390
49,1418113389,492
49,1418113407,345
49,1418113590,348
49,1418113607,24
49,1418113628,316
49,1418113827,173
49,1418114070,149
49,1418114271,442
49,1418114291,318
49,1418114421,130
50,1418112912,464
50,1418112932,70
50,1418113250,80
50,1418113289,335
50,1418113353,194
50,1418113367,390
50,1418113389,492
50,1418113407,345
50,1418113590,348
50,1418113607,24
50,1418113628,316
50,1418113827,173
50,1418114070,149
50,1418114271,442
50,1418114291,318
50,1418114421,130
51,1418635932,131
54,1418910586,110
55,1419248777,110
56,1419248777,110
55,1419248821,1
56,1419248821,1
55,1419248876,211
56,1419248876,211
55,1419248927,36
56,1419248927,36
55,1419248976,199
56,1419248976,199
55,1419249014,47
56,1419249014,47
55,1419249055,205
56,1419249055,205
58,1421822045,464
58,1421822208,343
58,1421822245,70
58,1421822329,301
58,1421822446,274
58,1421822472,116
58,1421822490,80
58,1421822604,235
58,1421822628,345
58,1421822826,173
58,1421822847,387
58,1421822869,57
58,1421822951,316
58,1421822968,194
58,1421823008,335
58,1421823048,24
58,1421823193,393
58,1421823253,442
58,1421823273,68
61,1423247598,476
63,1423248059,476
65,1423249128,476
65,1423249161,283
67,1423249607,476
70,1423250296,476
71,1423250729,476
78,1423252223,476
99,1423254386,476
128,1423548160,476
128,1423548266,283
128,1423548287,72
128,1423548329,20
128,1423548431,159
131,1423707043,72
131,1423707143,20
131,1423707188,358
131,1423707206,263
131,1423707281,434
131,1423707298,208
131,1423707348,366
131,1423707438,64
131,1423707494,189
131,1423707592,276
131,1423707603,103
131,1423707680,483
131,1423707702,216
131,1423707714,420
131,1423707725,65
131,1423707735,489
131,1423707755,385
131,1423707766,448
131,1423707805,258
131,1423707822,463
131,1423707827,102
131,1423707892,401
131,1423707903,278
131,1423707920,331
131,1423707946,438
131,1423707980,298
131,1423708019,97
131,1423708059,236
131,1423708075,444
131,1423708087,175
131,1423708097,282
131,1423708108,400
131,1423708113,255
131,1423708211,91
131,1423708228,341
131,1423708245,28
131,1423708250,266
131,1423708267,478
131,1423708303,361
131,1423708314,250
131,1423708334,440
131,1423708345,126
131,1423708350,472
131,1423708355,151
131,1423708361,168
131,1423708377,317
131,1423708390,254
131,1423708401,497
131,1423708412,365
131,1423708423,470
131,1423708608,227
131,1423708628,373
131,1423708651,136
131,1423708661,63
131,1423708672,389
131,1423708682,499
131,1423708700,138
131,1423708705,256
131,1423708717,457
131,1423708733,21
131,1423708739,357
131,1423708756,83
131,1423708804,190
131,1423708816,493
132,1423748409,493
132,1423748424,190
132,1423748545,21
132,1423748572,457
132,1423748589,256
132,1423748600,138
132,1423748605,499
132,1423748616,389
132,1423748631,63
132,1423748647,136
132,1423748793,373
132,1423749104,7
132,1423749137,265
132,1423749176,471
132,1423749216,126
132,1423749301,440
132,1423749316,250
132,1423749384,361
132,1423749399,478
132,1423749405,266
132,1423749422,28
132,1423749439,341
132,1423749462,91
132,1423749467,255
132,1423749473,410
132,1423749478,400
132,1423749489,282
132,1423749495,175
132,1423749502,444
132,1423749548,236
132,1423749554,51
132,1423749564,490
132,1423749583,298
132,1423749605,141
132,1423749624,438
132,1423749643,331
132,1423749660,278
132,1423749683,401
132,1423749740,102
132,1423749745,258
132,1423749758,448
132,1423749769,385
132,1423749780,272
132,1423749791,489
132,1423749807,65
132,1423749828,420
132,1423749850,216
132,1423749867,483
132,1423749884,103
132,1423749901,276
132,1423749928,189
132,1423749945,441
132,1423749972,366
132,1423750038,64
132,1423750060,452
132,1423750071,362
132,1423750088,407
132,1423750111,245
132,1423750143,434
132,1423750176,159
132,1423750191,283
132,1423750196,72
133,1423793483,72
133,1423793493,476
133,1423793562,283
133,1423793634,20
133,1423793684,358
133,1423793701,263
133,1423793767,434
133,1423793778,208
133,1423793833,366
133,1423793918,64
133,1423793950,189
133,1423794000,276
133,1423794021,103
133,1423794071,483
133,1423794088,216
133,1423794104,420
133,1423794115,65
133,1423794128,489
133,1423794145,272
133,1423794153,385
133,1423794158,448
133,1423794175,258
133,1423794180,102
133,1423794192,401
133,1423794203,278
133,1423794223,331
133,1423794250,438
133,1423794265,141
133,1423794276,298
133,1423794298,490
133,1423794313,51
133,1423794324,97
133,1423794355,236
133,1423794366,444
133,1423794379,175
133,1423794389,282
133,1423794394,400
133,1423794400,410
133,1423794406,255
133,1423794412,91
133,1423794445,341
133,1423794462,28
133,1423794473,266
133,1423794485,478
133,1423794490,361
133,1423794495,250
133,1423794507,440
133,1423794522,472
133,1423794528,168
133,1423794539,317
133,1423794550,254
133,1423794562,497
133,1423794578,365
133,1423794584,470
133,1423794778,227
133,1423794794,373
133,1423794806,136
133,1423794818,63
133,1423794829,389
133,1423794845,499
133,1423794862,256
133,1423794873,457
133,1423794887,21
133,1423794892,357
133,1423794903,83
133,1423794958,493
134,1423906117,27
135,1423906117,27
136,1424327840,222
136,1424327873,188
136,1424327889,488
136,1424327916,107
136,1424327977,406
136,1424327999,262
136,1424328026,246
136,1424328111,431
136,1424328117,291
136,1424328129,60
136,1424328223,437
136,1424328295,178
136,1424328329,160
136,1424328374,432
136,1424328379,445
136,1424328402,225
136,1424328430,343
136,1424328517,70
136,1424328543,450
136,1424328572,200
136,1424328647,125
136,1424328680,215
136,1424328685,293
137,1424327840,222
137,1424327873,188
137,1424327889,488
137,1424327916,107
137,1424327977,406
137,1424327999,262
137,1424328026,246
137,1424328111,431
137,1424328117,291
137,1424328129,60
137,1424328223,437
137,1424328295,178
137,1424328329,160
137,1424328374,432
137,1424328379,445
137,1424328402,225
137,1424328430,343
137,1424328517,70
137,1424328543,450
137,1424328572,200
137,1424328647,125
137,1424328680,215
137,1424328685,293
138,1424327840,215
138,1424327867,380
138,1424327884,15
139,1424327840,215
138,1424327894,201
138,1424327905,394
139,1424327867,380
138,1424327916,481
139,1424327884,15
138,1424327932,152
139,1424327894,201
139,1424327905,394
138,1424327954,80
139,1424327916,481
139,1424327932,152
139,1424327954,80
138,1424328066,439
138,1424328106,172
139,1424328066,439
138,1424328151,327
139,1424328106,172
138,1424328188,428
139,1424328151,327
139,1424328188,428
140,1424327840,428
140,1424327884,327
140,1424327905,172
141,1424327840,428
140,1424327927,460
140,1424327943,347
140,1424327971,153
141,1424327884,327
140,1424327982,474
141,1424327905,172
140,1424327993,215
140,1424328004,293
141,1424327927,460
140,1424328015,88
140,1424328026,424
141,1424327943,347
140,1424328037,177
140,1424328055,83
141,1424327971,153
141,1424327982,474
141,1424327993,215
141,1424328004,293
140,1424328094,231
141,1424328015,88
140,1424328106,267
141,1424328026,424
140,1424328123,443
141,1424328037,177
140,1424328134,461
141,1424328055,83
140,1424328151,58
140,1424328156,197
140,1424328162,270
141,1424328094,231
140,1424328188,87
141,1424328106,267
140,1424328206,475
141,1424328123,443
141,1424328134,461
141,1424328151,58
140,1424328240,142
141,1424328156,197
141,1424328162,270
140,1424328255,388
141,1424328188,87
140,1424328290,421
141,1424328206,475
140,1424328313,451
141,1424328240,142
141,1424328255,388
140,1424328385,265
141,1424328290,421
140,1424328408,471
141,1424328313,451
140,1424328424,126
140,1424328469,440
140,1424328485,250
141,1424328385,265
141,1424328408,471
140,1424328528,155
140,1424328533,99
141,1424328424,126
140,1424328543,248
140,1424328555,404
140,1424328566,379
141,1424328469,440
141,1424328485,250
140,1424328598,324
140,1424328603,281
140,1424328609,447
140,1424328636,111
141,1424328528,155
141,1424328533,99
141,1424328543,248
141,1424328555,404
141,1424328566,379
141,1424328598,324
141,1424328603,281
141,1424328609,447
141,1424328636,111
142,1424327840,111
142,1424327856,416
142,1424327948,264
142,1424327959,174
142,1424327999,447
142,1424328010,281
142,1424328015,379
142,1424328026,404
142,1424328032,248
142,1424328043,99
142,1424328055,155
143,1424327840,111
143,1424327856,416
142,1424328117,361
142,1424328123,478
142,1424328129,266
142,1424328139,28
142,1424328145,341
142,1424328156,91
142,1424328162,255
142,1424328167,410
142,1424328172,282
142,1424328177,175
142,1424328183,444
142,1424328194,236
142,1424328200,97
142,1424328206,51
143,1424327948,264
142,1424328217,490
143,1424327959,174
142,1424328228,298
142,1424328250,141
143,1424327999,447
142,1424328261,438
143,1424328010,281
142,1424328272,331
143,1424328015,379
142,1424328284,278
143,1424328026,404
143,1424328032,248
142,1424328302,401
143,1424328043,99
143,1424328055,155
142,1424328357,102
142,1424328362,258
142,1424328368,448
143,1424328117,361
142,1424328379,385
143,1424328123,478
142,1424328385,272
143,1424328129,266
142,1424328396,489
143,1424328139,28
143,1424328145,341
142,1424328408,65
142,1424328413,420
143,1424328156,91
143,1424328162,255
142,1424328424,216
143,1424328167,410
143,1424328172,282
142,1424328436,483
143,1424328177,175
143,1424328183,444
142,1424328452,103
143,1424328194,236
143,1424328200,97
143,1424328206,51
143,1424328217,490
142,1424328480,276
143,1424328228,298
142,1424328496,189
143,1424328250,141
142,1424328512,441
143,1424328261,438
142,1424328528,366
143,1424328272,331
143,1424328284,278
142,1424328543,64
142,1424328555,452
143,1424328302,401
142,1424328566,362
142,1424328582,407
142,1424328598,245
143,1424328357,102
143,1424328362,258
143,1424328368,448
142,1424328625,434
143,1424328379,385
143,1424328385,272
142,1424328641,72
143,1424328396,489
142,1424328647,20
143,1424328408,65
143,1424328413,420
143,1424328424,216
143,1424328436,483
142,1424328685,283
143,1424328452,103
143,1424328480,276
143,1424328496,189
143,1424328512,441
143,1424328528,366
143,1424328543,64
143,1424328555,452
143,1424328566,362
143,1424328582,407
143,1424328598,245
143,1424328625,434
143,1424328641,72
143,1424328647,20
143,1424328685,283
145,1424625029,76
146,1424667032,14
147,1424667124,14
148,1424668435,14
149,1424680045,438
149,1424680116,490
149,1424680127,51
149,1424680169,97
149,1424680244,236
149,1424680266,444
149,1424680282,175
149,1424680298,282
149,1424680319,400
149,1424680325,410
149,1424680398,478
149,1424680509,361
149,1424680514,155
149,1424680525,99
149,1424680536,248
149,1424680546,404
149,1424680557,379
149,1424680584,281
149,1424680594,447
149,1424680641,111
149,1424680651,416
149,1424680656,264
149,1424680666,174
149,1424680681,184
149,1424680692,412
149,1424680697,81
149,1424680718,468
149,1424680754,182
149,1424680774,349
149,1424680790,3
149,1424680806,310
149,1424680827,371
149,1424680863,105
149,1424680973,351
149,1424681017,164
149,1424681042,306
149,1424681089,249
149,1424681135,29
150,1424657548,72
150,1424657647,20
150,1424657697,358
150,1424657813,434
150,1424657825,208
150,1424657872,366
150,1424657984,64
150,1424658015,189
150,1424658042,276
150,1424658076,103
150,1424658103,483
150,1424658127,216
150,1424658149,420
150,1424658180,65
150,1424658246,489
150,1424658263,272
150,1424658273,385
150,1424658279,448
150,1424658291,258
150,1424658304,102
150,1424658354,401
150,1424658365,278
150,1424658381,331
150,1424658392,438
150,1424658441,141
150,1424658452,298
150,1424658474,490
150,1424658486,51
150,1424658497,97
150,1424658502,236
150,1424658519,444
150,1424658530,175
150,1424658541,282
150,1424658546,400
150,1424658551,410
150,1424658556,255
150,1424658562,91
150,1424658579,341
150,1424658590,28
150,1424658601,266
150,1424658611,478
150,1424658622,361
150,1424658629,250
150,1424658641,440
150,1424658666,472
150,1424658677,151
150,1424658683,168
150,1424658694,317
150,1424658710,254
150,1424658721,497
150,1424658733,365
151,1424698838,493
151,1424698950,190
151,1424698962,21
151,1424699050,457
151,1424699065,256
151,1424699077,138
151,1424699082,499
151,1424699094,389
151,1424699104,63
151,1424699115,136
151,1424699120,373
151,1424699231,7
151,1424699271,265
151,1424699303,471
151,1424699325,126
151,1424699384,440
151,1424699394,250
151,1424699488,155
151,1424699494,361
151,1424699500,478
151,1424699512,266
151,1424699518,28
151,1424699529,341
151,1424699535,91
151,1424699546,410
151,1424699551,400
151,1424699556,282
151,1424699562,175
151,1424699573,444
151,1424699595,236
151,1424699606,51
151,1424699618,490
151,1424699635,298
151,1424699662,141
151,1424699677,438
151,1424699683,331
151,1424699699,278
151,1424699715,401
151,1424699726,102
151,1424699732,258
151,1424699737,448
151,1424699753,385
151,1424699764,272
151,1424699775,489
151,1424699820,65
151,1424699836,420
151,1424699848,216
151,1424699864,483
151,1424699875,103
151,1424699885,276
151,1424699903,189
151,1424699914,441
151,1424699956,366
151,1424700018,64
151,1424700034,452
151,1424700045,362
151,1424700056,407
151,1424700084,245
151,1424700113,434
151,1424700137,159
151,1424700170,476
151,1424700176,283
151,1424700181,72
153,1425262198,72
153,1425262298,20
153,1425262353,358
153,1425262376,263
153,1425262409,434
153,1425262420,208
153,1425262465,366
153,1425262556,64
153,1425262582,189
153,1425262623,276
153,1425262635,103
153,1425262675,483
153,1425262694,216
153,1425262704,420
153,1425262715,65
153,1425262725,489
153,1425262737,272
153,1425262748,385
153,1425262754,448
153,1425262765,258
153,1425262805,102
153,1425262810,401
153,1425262832,278
153,1425262842,331
153,1425262860,438
153,1425262898,141
153,1425262910,298
153,1425262931,490
153,1425262948,51
153,1425262959,97
153,1425262964,236
153,1425263030,444
153,1425263042,175
153,1425263048,282
153,1425263054,400
153,1425263059,410
153,1425263064,255
153,1425263070,91
153,1425263181,341
153,1425263193,28
153,1425263204,266
153,1425263209,478
153,1425263214,361
153,1425263221,250
153,1425263233,440
153,1425263244,126
153,1425263250,472
153,1425263255,151
153,1425263260,168
153,1425263270,317
153,1425263283,254
153,1425263293,497
153,1425263305,365
153,1425263438,470
153,1425263464,227
153,1425263480,373
153,1425263491,136
153,1425263502,63
153,1425263518,389
153,1425263534,499
153,1425263551,138
153,1425263556,256
153,1425263567,457
153,1425263583,21
153,1425263593,357
153,1425263605,83
153,1425263644,190
153,1425263656,493
155,1425283549,476
156,1426920551,308
157,1427731684,76
158,1427731829,76
159,1429163075,283
171,1429180155,283
173,1429182394,476
177,1429188081,476
179,1429188414,476
180,1429188505,476
190,1429207585,476
205,1429633604,283
206,1429633784,283
207,1429633850,283
207,1429633967,476
208,1429864746,283
208,1429864853,159
208,1429864871,476
208,1429864897,72
208,1429864910,336
208,1429864934,117
208,1429864957,498
208,1429865003,279
208,1429865060,244
208,1429865074,414
208,1429865086,230
208,1429865098,56
208,1429865116,473
208,1429865122,364
208,1429865195,222
208,1429865200,386
208,1429865237,188
208,1429865275,466
208,1429865303,311
208,1429865348,406
208,1429865407,262
208,1429865482,246
208,1429865575,431
208,1429865702,285
208,1429865781,26
209,1429882000,76
210,1430295323,444
210,1430295340,282
210,1430295353,400
210,1430295383,255
210,1430295442,91
210,1430295452,341
210,1430295468,266
210,1430295481,478
210,1430295493,361
210,1430295506,99
210,1430295516,248
210,1430295528,404
210,1430295539,379
210,1430295585,324
210,1430295600,447
210,1430295612,416
210,1430295625,264
210,1430295637,174
210,1430295668,81
210,1430295697,468
210,1430295740,182
210,1430295765,349
210,1430295801,3
210,1430295823,310
210,1430295844,371
210,1430295877,105
210,1430295969,351
210,1430296003,164
210,1430296038,306
210,1430296084,249
210,1430296181,29
248,1430794841,249
248,1430794885,306
248,1430794907,164
248,1430794938,351
248,1430794962,105
248,1430795076,310
248,1430795097,3
248,1430795118,349
248,1430795189,81
248,1430795227,184
248,1430795237,174
248,1430795262,416
248,1430795274,111
248,1430795284,281
248,1430795294,379
248,1430795320,404
248,1430795413,248
248,1430795423,99
248,1430795433,155
248,1430795500,266
248,1430795537,28
248,1430795569,341
248,1430795580,91
248,1430795592,255
248,1430795604,400
248,1430795614,282
248,1430795629,175
248,1430795649,444
248,1430795683,236
248,1430795694,51
248,1430795706,490
248,1430795717,298
248,1430795782,141
248,1430795793,438
32446,1430899465,97
32446,1430899479,444
32446,1430899501,175
32446,1430899519,400
32446,1430899549,255
32446,1430899626,91
32446,1430899636,341
32446,1430899660,28
32446,1430899757,99
32446,1430899767,248
32446,1430899784,404
32446,1430899795,379
32446,1430899829,281
32446,1430899841,447
32446,1430899890,416
32446,1430899900,264
32446,1430899911,174
32446,1430899933,184
32446,1430899943,412
32446,1430899957,81
32446,1430899972,468
32446,1430900046,349
32446,1430900058,3
32446,1430900089,310
32446,1430900123,371
32446,1430900170,105
32446,1430900255,351
32446,1430900344,306
32446,1430900388,249
32446,1430900468,29
32447,1430899465,97
32447,1430899479,444
32447,1430899501,175
32447,1430899519,400
32447,1430899549,255
32447,1430899626,91
32447,1430899636,341
32447,1430899660,28
32447,1430899757,99
32447,1430899767,248
32447,1430899784,404
32447,1430899795,379
32447,1430899829,281
32447,1430899841,447
32447,1430899890,416
32447,1430899900,264
32447,1430899911,174
32447,1430899933,184
32447,1430899943,412
32447,1430899957,81
32447,1430899972,468
32447,1430900046,349
32447,1430900058,3
32447,1430900089,310
32447,1430900123,371
32447,1430900170,105
32447,1430900255,351
32447,1430900344,306
32447,1430900388,249
32447,1430900468,29
37945,1431071080,331
37945,1431071090,438
37945,1431071105,141
37945,1431071144,298
37945,1431071155,490
37945,1431071167,51
37945,1431071177,97
37945,1431071189,236
37945,1431071205,444
37945,1431071233,175
37945,1431071245,282
37945,1431071256,400
37945,1431071323,91
37945,1431071334,341
37945,1431071431,478
37945,1431071503,176
37945,1431071513,379
37945,1431071545,281
37945,1431071555,447
37945,1431071614,174
37945,1431071625,184
37945,1431071635,412
37945,1431071656,81
37945,1431071678,468
37945,1431071692,182
37945,1431071703,349
37945,1431071724,3
37945,1431071778,371
37945,1431071812,105
37945,1431071861,351
37945,1431071895,164
37945,1431071916,306
37945,1431071988,249
37945,1431072020,29
37945,1431072179,417
37945,1431072328,76
37949,1431159489,476
37949,1431159499,283
37951,1431426785,182
37950,1431426785,182
37951,1431426809,349
37950,1431426809,349
37951,1431426869,3
37950,1431426869,3
37951,1431426879,310
37950,1431426879,310
37951,1431426899,371
37950,1431426899,371
37951,1431426961,198
37950,1431426961,198
37951,1431427012,329
37950,1431427012,329
37951,1431427069,69
37950,1431427069,69
37951,1431427133,334
37950,1431427133,334
37951,1431427170,76
37950,1431427170,76
37953,1431590886,273
37953,1431590895,129
37953,1431591018,41
37953,1431591089,325
37953,1431591099,239
37953,1431591120,146
37953,1431591237,191
37953,1431591269,454
37953,1431591329,160
37953,1431591339,432
37953,1431591374,55
37953,1431591395,286
37953,1431591430,269
37953,1431591440,140
37953,1431591454,348
37953,1431591477,82
37953,1431591487,384
37953,1431591499,387
37953,1431591514,338
37953,1431591525,192
37953,1431591548,40
37953,1431591559,235
37953,1431591571,330
37953,1431591606,309
37953,1431591627,148
37953,1431591663,393
37953,1431591673,130
37953,1431591692,68
37953,1431591727,240
37953,1431591738,332
37953,1431591769,131
37953,1431591826,318
37953,1431591863,277
37953,1431591929,409
37953,1431591986,39
37953,1431592007,455
37953,1431592063,6
37954,1431590886,273
37954,1431590895,129
37954,1431591018,41
37954,1431591089,325
37954,1431591099,239
37954,1431591120,146
37954,1431591237,191
37954,1431591269,454
37954,1431591329,160
37954,1431591339,432
37954,1431591374,55
37954,1431591395,286
37954,1431591430,269
37954,1431591440,140
37954,1431591454,348
37954,1431591477,82
37954,1431591487,384
37954,1431591499,387
37954,1431591514,338
37954,1431591525,192
37954,1431591548,40
37954,1431591559,235
37954,1431591571,330
37954,1431591606,309
37954,1431591627,148
37954,1431591663,393
37954,1431591673,130
37954,1431591692,68
37954,1431591727,240
37954,1431591738,332
37954,1431591769,131
37954,1431591826,318
37954,1431591863,277
37954,1431591929,409
37954,1431591986,39
37954,1431592007,455
37954,1431592063,6
37955,1431601479,194
37955,1431601520,24
37955,1431601625,274
37955,1431601661,80
37955,1431601695,152
37955,1431601717,481
37955,1431601768,394
37955,1431601792,201
37955,1431601817,15
37955,1431601830,380
37955,1431601856,474
37955,1431601886,293
37955,1431601900,88
37955,1431601920,424
37955,1431601931,177
37955,1431601952,83
37955,1431601965,314
37955,1431602188,217
37955,1431602237,290
37955,1431602425,74
37955,1431602525,135
37955,1431602652,480
37955,1431602664,458
37955,1431602708,170
37955,1431602735,116
37955,1431602778,359
37955,1431602798,275
37955,1431602818,79
37955,1431602889,186
37955,1431602990,479
37955,1431603045,52
37956,1431753248,19
37956,1431753260,271
37956,1431753308,241
37956,1431753334,430
37956,1431753372,85
37957,1431754802,177
37957,1431754816,424
37957,1431754828,88
37957,1431754833,293
37957,1431754849,215
37957,1431754854,380
37957,1431754872,15
37957,1431754879,201
37957,1431754892,394
37957,1431754906,481
37957,1431754917,152
37957,1431754935,80
37957,1431754951,274
37957,1431754969,24
37957,1431755071,194
37957,1431755077,316
37957,1431755089,384
37957,1431755094,387
37957,1431755106,195
37957,1431755114,134
37957,1431755131,57
37957,1431755150,210
37957,1431755215,149
37957,1431755277,121
37957,1431755386,232
37957,1431755413,321
37957,1431755434,257
37957,1431755441,356
37957,1431755538,90
37957,1431755745,27
37960,1432008519,84
37960,1432008561,243
37960,1432008582,459
37960,1432008603,273
37960,1432008666,129
37960,1432008719,41
37960,1432008729,325
37960,1432008739,239
37960,1432008762,146
37960,1432008897,292
37960,1432008909,418
37960,1432008944,326
37960,1432008955,191
37960,1432008969,454
37960,1432009069,160
37960,1432009081,432
37960,1432009109,55
37960,1432009165,286
37960,1432009196,269
37960,1432009206,140
37960,1432009319,348
37960,1432009382,82
37960,1432009421,384
37960,1432009433,387
37960,1432009444,338
37960,1432009555,192
37960,1432009628,40
37960,1432009682,235
37960,1432009693,469
37960,1432009706,330
37960,1432009747,309
37960,1432009789,148
37960,1432009799,393
37960,1432009809,130
37960,1432009820,415
37960,1432009832,68
37960,1432010002,240
37960,1432010047,353
37961,1432033237,194
37961,1432033253,24
37961,1432033315,274
37961,1432034542,359
37961,1432034799,52
37962,1431998276,223
37962,1431998593,268
37962,1431998652,143
37962,1431998695,94
37962,1431998761,137
37962,1431998877,337
37962,1431998969,79
37962,1431999047,275
37962,1431999067,359
37962,1431999078,116
37962,1431999104,170
37962,1431999124,458
37962,1431999178,480
37962,1431999195,33
37962,1431999222,185
37962,1431999230,377
37962,1431999261,157
37962,1431999274,355
37962,1431999294,374
37962,1431999313,183
37962,1431999330,45
37962,1431999425,449
37962,1431999500,228
37962,1431999551,429
37962,1431999618,303
37962,1431999696,118
37962,1431999736,319
37962,1431999781,138
37962,1431999845,256
37962,1431999864,457
37962,1431999881,21
37962,1431999887,357
37962,1431999910,83
37962,1431999958,177
37962,1431999987,424
37962,1432000004,88
37962,1432000080,293
37962,1432000104,474
37962,1432000120,215
37962,1432000132,380
37962,1432000187,15
37962,1432000204,201
37962,1432000252,394
37962,1432000269,481
37962,1432000280,152
37962,1432000327,80
37962,1432000431,274
37962,1432000536,24
37962,1432000681,194
37962,1432000833,316
37962,1432000877,384
37962,1432000989,195
37962,1432001065,134
37962,1432001084,345
37962,1432001089,57
37962,1432001139,210
37962,1432001160,149
37962,1432001174,340
37964,1432095689,306
37964,1432095701,164
37964,1432095715,351
37964,1432095763,105
37964,1432095842,310
37964,1432095864,3
37964,1432095886,349
37964,1432095928,182
37964,1432095949,468
37964,1432095959,81
37964,1432095971,412
37964,1432096007,264
37964,1432096036,111
37964,1432096048,447
37964,1432096059,281
37964,1432096085,379
37964,1432096099,404
37964,1432096114,248
37964,1432096127,99
37964,1432096161,361
37964,1432096172,266
37964,1432096182,28
37964,1432096213,341
37964,1432096229,410
37964,1432096242,175
37964,1432096254,444
37964,1432096267,97
37964,1432096297,298
37964,1432096309,141
37964,1432096323,438
37965,1432108402,284
37965,1432108417,41
37965,1432108433,239
37965,1432108525,146
37965,1432108572,292
37965,1432108588,418
37965,1432108727,286
37965,1432108822,140
37965,1432108833,348
37965,1432108893,387
37965,1432108998,338
37965,1432109305,393
37965,1432109338,68
37965,1432109368,240
37967,1432140090,476
37969,1432215123,432
37969,1432215147,160
37969,1432215160,454
37969,1432215174,191
37969,1432215186,418
37969,1432215235,292
37969,1432215256,146
37969,1432215286,239
37969,1432215336,325
37969,1432215350,284
37969,1432215385,129
37969,1432215458,273
37969,1432215490,193
37969,1432215560,344
37969,1432215644,102
37969,1432215689,463
37969,1432215703,448
37969,1432215734,385
37969,1432215744,489
37969,1432215773,65
37969,1432215784,420
37971,1432270525,476
37971,1432270535,283
37972,1432270525,476
37972,1432270535,283
37973,1432271990,476
37979,1432279129,476
37982,1432279576,476
37983,1432279595,476
37989,1432281028,490
37989,1432281124,51
37989,1432281185,236
37989,1432281196,444
37989,1432281233,400
37989,1432281356,155
37989,1432281378,248
37989,1432281419,324
37989,1432281444,447
37989,1432281459,111
37989,1432281472,416
37989,1432281484,264
37989,1432281523,174
37989,1432281579,281
37989,1432281592,379
37989,1432281615,404
37989,1432281636,99
37989,1432281698,250
37989,1432281720,440
37989,1432281765,126
37989,1432281775,472
37989,1432281787,168
37989,1432281797,317
37989,1432281827,254
37989,1432281844,497
37989,1432281972,352
37989,1432282010,133
37989,1432282042,462
37989,1432282052,212
37989,1432282065,271
37989,1432282140,241
37989,1432282171,430
37990,1432379663,476
37992,1432470335,417
37992,1432470534,105
37992,1432470596,310
37992,1432470607,3
37992,1432470626,349
37992,1432470646,182
37992,1432470656,468
37992,1432470664,81
37992,1432470671,412
37992,1432470677,184
37992,1432470683,174
37992,1432470695,264
37992,1432470714,416
37992,1432470720,111
37992,1432470727,447
37992,1432470732,281
37992,1432470743,379
37992,1432470751,404
37992,1432470761,248
37992,1432470775,99
37992,1432470788,155
37992,1432470866,361
37992,1432470872,478
37992,1432470982,250
37992,1432471005,440
37992,1432471012,126
37992,1432471018,471
37992,1432471038,265
37992,1432471075,451
37992,1432471228,142
37992,1432471470,388
37993,1432741093,476
37995,1432786163,14
37996,1432822206,287
37996,1432822255,38
37996,1432822288,209
37996,1432822337,92
37996,1432822368,238
37996,1432822397,48
37996,1432822408,220
37996,1432822452,234
37996,1432822509,78
37996,1432822550,495
37996,1432822583,11
37996,1432822598,423
37996,1432822637,259
37996,1432822648,10
37996,1432823169,233
37996,1432823245,89
37996,1432823285,261
37996,1432823332,263
37996,1432823382,20
37996,1432823423,72
37996,1432823429,336
37996,1432823447,117
37996,1432823470,498
37996,1432823501,279
37996,1432823545,244
37996,1432823554,207
37996,1432823583,308
37996,1432823646,300
37996,1432823680,488
37996,1432823692,107
37996,1432823735,406
37996,1432823753,328
37996,1432823761,123
37996,1432823780,491
37996,1432823797,320
37996,1432823803,312
37996,1432823825,436
37996,1432823861,166
37996,1432823909,323
37996,1432823964,17
37996,1432824078,31
37997,1432822206,287
37997,1432822255,38
37997,1432822288,209
37997,1432822337,92
37997,1432822368,238
37997,1432822397,48
37997,1432822408,220
37997,1432822452,234
37997,1432822509,78
37997,1432822550,495
37997,1432822583,11
37997,1432822598,423
37997,1432822637,259
37997,1432822648,10
37997,1432823169,233
37997,1432823245,89
37997,1432823285,261
37997,1432823332,263
37997,1432823382,20
37997,1432823423,72
37997,1432823429,336
37997,1432823447,117
37997,1432823470,498
37997,1432823501,279
37997,1432823545,244
37997,1432823554,207
37997,1432823583,308
37997,1432823646,300
37997,1432823680,488
37997,1432823692,107
37997,1432823735,406
37997,1432823753,328
37997,1432823761,123
37997,1432823780,491
37997,1432823797,320
37997,1432823803,312
37997,1432823825,436
37997,1432823861,166
37997,1432823909,323
37997,1432823964,17
37997,1432824078,31
37998,1432825637,476
38000,1432871280,360
38000,1432871333,242
38000,1432871395,84
38000,1432871420,243
38000,1432871507,459
38000,1432871536,180
38000,1432871567,446
38000,1432871590,272
38000,1432871603,385
38000,1432871634,448
38000,1432871650,258
38000,1432871680,102
38000,1432871701,344
38000,1432871713,193
38000,1432871736,273
38000,1432871763,129
38000,1432871866,284
38000,1432871945,325
38000,1432871956,239
38000,1432872005,146
38000,1432872049,292
38000,1432872177,326
38000,1432872188,191
38000,1432872198,454
38000,1432872234,160
38000,1432872328,432
38000,1432872342,55
38000,1432872394,286
38000,1432872436,269
38000,1432872447,350
38000,1432872457,140
38000,1432872467,348
38000,1432872511,82
38000,1432872544,492
38000,1432872556,387
38000,1432872577,338
38000,1432872588,192
38000,1432872608,40
38000,1432872631,235
38000,1432872642,469
38000,1432872688,330
38000,1432872740,309
38000,1432872776,148
38000,1432872826,393
38000,1432872853,415
38000,1432872866,68
38001,1432886853,438
38001,1432886893,141
38001,1432886904,298
38001,1432887009,490
38001,1432887174,97
38001,1432887214,236
38001,1432887225,444
38001,1432887261,175
38001,1432887289,282
38001,1432887370,400
38001,1432887380,410
38001,1432887400,91
38001,1432887501,341
38001,1432887530,28
38001,1432887554,266
38001,1432887565,361
38001,1432887597,250
38001,1432887704,440
38001,1432887799,472
38001,1432887813,168
38001,1432887823,317
38001,1432887837,254
38001,1432887847,497
38001,1432887858,365
38001,1432887974,49
38001,1432887997,352
38001,1432888030,133
38001,1432888092,271
38001,1432888129,494
38001,1432888141,354
38001,1432888175,127
38001,1432888196,305
38001,1432888208,304
38001,1432888224,485
38001,1432888277,186
38001,1432888302,479
38001,1432888348,52
38001,1432888489,295
38001,1432888818,337
38002,1432891821,53
38002,1432891856,115
38002,1432892006,237
38002,1432892103,22
38002,1432892186,413
38002,1432892246,67
38002,1432892277,109
38002,1432892318,204
38002,1432892365,297
38002,1432892445,263
38002,1432892468,358
38002,1432892542,434
38002,1432892551,208
38002,1432892595,366
38002,1432892668,64
38002,1432892741,189
38002,1432892833,276
38002,1432892944,103
38002,1432893043,483
38002,1432893061,216
38002,1432893080,420
38002,1432893156,65
38002,1432893161,489
38002,1432893175,272
38002,1432893180,385
38002,1432893193,448
38002,1432893200,258
38002,1432893206,463
38002,1432893253,102
38002,1432893259,401
38002,1432893273,278
38002,1432893293,331
38002,1432893305,438
38002,1432893343,298
38002,1432893359,490
38002,1432893374,51
38002,1432893386,97
38002,1432893392,236
38002,1432893434,444
38002,1432893447,175
38002,1432893458,400
38002,1432893463,410
38002,1432893476,91
38002,1432893551,341
38002,1432893563,28
38002,1432893574,266
38002,1432893602,478
38002,1432893608,361
38002,1432893644,250
38002,1432893655,440
38002,1432893671,472
38002,1432893678,151
38002,1432893684,168
38002,1432893700,317
38002,1432893710,254
38002,1432893728,497
38002,1432893733,365
38002,1432893792,470
38002,1432893860,49
38002,1432893885,352
38002,1432893947,462
38002,1432893953,212
38002,1432893961,271
38002,1432894041,494
38002,1432894053,354
38002,1432894075,127
38002,1432894080,305
38002,1432894094,304
38002,1432894117,485
38002,1432894129,186
38002,1432894194,79
38002,1432894253,337
38002,1432894271,137
38002,1432894359,94
38002,1432894421,143
38002,1432894470,268
38002,1432894548,223
38003,1432966546,229
38003,1432966575,370
38003,1432966702,484
38003,1432966850,367
38003,1432966879,181
38003,1432966903,421
38003,1432966964,451
38003,1432966974,265
38003,1432966998,471
38003,1432967011,126
38003,1432967017,440
38003,1432967038,250
38003,1432967074,99
38003,1432967093,248
38003,1432967105,404
38003,1432967111,379
38003,1432967129,176
38003,1432967308,44
38012,1433297270,154
38012,1433297334,52
38012,1433297492,479
38012,1433297575,186
38012,1433297627,79
38012,1433297655,275
38012,1433297674,359
38012,1433297686,116
38012,1433297704,170
38012,1433297709,458
38012,1433297738,480
38012,1433297788,33
38012,1433297821,185
38012,1433297827,377
38012,1433297849,157
38012,1433297863,355
38012,1433297885,374
38012,1433297902,183
38012,1433297965,45
38012,1433298032,449
38012,1433298071,228
38012,1433298121,429
38012,1433298196,303
38012,1433298251,118
38012,1433298284,319
38012,1433298316,256
38012,1433298322,138
38012,1433298360,196
38012,1433298377,395
38012,1433298399,289
38012,1433298484,435
38013,1433299218,435
38013,1433299236,196
38013,1433299282,138
38013,1433299296,256
38013,1433299318,457
38013,1433299331,21
38013,1433299381,357
38013,1433299439,83
38013,1433299478,177
38013,1433299517,424
38013,1433299547,88
38013,1433299563,293
38013,1433299602,215
38013,1433299668,380
38013,1433299699,15
38013,1433299759,201
38013,1433299817,394
38013,1433299904,481
38013,1433299998,152
38013,1433300090,80
38013,1433300192,274
38013,1433300293,24
38013,1433300409,194
38013,1433300434,316
38013,1433300461,384
38013,1433300476,492
38013,1433300483,82
38013,1433300501,348
38013,1433300643,387
38013,1433300657,338
38013,1433300667,192
38013,1433300681,40
38013,1433300726,235
38013,1433300762,469
38013,1433300778,330
38013,1433300821,309
38013,1433300841,148
38013,1433300846,393
38013,1433300859,130
38013,1433300875,415
38013,1433300887,68
38013,1433300898,240
38013,1433300911,332
38015,1433318825,324
38015,1433318847,281
38015,1433318872,447
38015,1433318921,174
38015,1433318975,468
38015,1433319007,182
38015,1433319030,349
38015,1433319040,3
38015,1433319077,310
38015,1433319111,371
38015,1433319148,105
38015,1433319259,351
38015,1433319271,164
38015,1433319302,306
38015,1433319348,249
38015,1433319402,29
38016,1433335227,68
38016,1433335237,415
38016,1433335320,130
38016,1433335413,393
38016,1433335576,148
38016,1433335599,309
38016,1433335612,330
38016,1433335623,469
38016,1433335634,40
38016,1433335644,187
38016,1433335654,192
38016,1433335664,338
38016,1433335675,387
38016,1433335698,492
38016,1433335710,82
38016,1433335729,348
38016,1433335742,140
38016,1433335878,350
38016,1433335970,269
38016,1433336075,286
38016,1433336114,55
38016,1433336212,432
38016,1433336351,160
38016,1433336378,454
38016,1433336392,326
38016,1433336406,418
38016,1433336496,292
38016,1433336508,146
38016,1433336534,239
38016,1433336611,325
38016,1433336666,41
38016,1433336683,284
38016,1433336734,129
38016,1433336797,273
38017,1433501130,79
38017,1433501140,275
38017,1433501192,359
38017,1433501203,116
38017,1433501238,170
38017,1433501267,458
38017,1433501287,480
38017,1433501333,33
38017,1433501362,185
38017,1433501369,377
38017,1433501395,157
38017,1433501417,355
38017,1433501439,374
38017,1433501449,183
38017,1433501468,45
38017,1433501475,449
38017,1433501481,228
38017,1433501487,429
38017,1433501497,303
38017,1433501504,118
38017,1433501531,319
38017,1433501545,256
38017,1433501558,138
38017,1433501567,196
38017,1433501581,395
38017,1433501598,289
38017,1433501624,142
38017,1433501645,388
38017,1433501687,421
38017,1433501755,34
38017,1433501806,75
38017,1433502411,453
38017,1433502456,206
38017,1433502469,203
38017,1433502593,378
38017,1433502644,247
38017,1433502964,419
38017,1433503109,158
38017,1433503455,484
38017,1433503600,367
38017,1433503621,161
38018,1433550525,50
38019,1433815619,422
38019,1433815625,33
38019,1433815648,185
38019,1433815690,377
38019,1433815742,157
38019,1433815773,355
38019,1433815797,374
38019,1433815813,183
38019,1433815842,45
38019,1433815941,449
38019,1433815995,228
38019,1433816042,429
38019,1433816098,303
38019,1433816135,118
38019,1433816175,319
38019,1433816193,256
38019,1433816205,138
38019,1433816315,457
38019,1433816334,21
38019,1433816346,357
38019,1433816353,83
38019,1433816362,231
38019,1433816389,267
38019,1433816432,443
38019,1433816451,461
38019,1433816507,58
38020,1433937083,252
38021,1433937083,252
38020,1433937158,353
38021,1433937158,353
38020,1433937170,240
38021,1433937170,240
38020,1433937201,68
38021,1433937201,68
38020,1433937249,415
38021,1433937249,415
38020,1433937260,130
38021,1433937260,130
38020,1433937265,393
38021,1433937265,393
38020,1433937292,148
38021,1433937292,148
38020,1433937297,309
38021,1433937297,309
38020,1433937305,330
38021,1433937305,330
38020,1433937327,469
38021,1433937327,469
38020,1433937340,235
38021,1433937340,235
38020,1433937346,40
38021,1433937346,40
38020,1433937355,187
38021,1433937355,187
38020,1433937361,192
38021,1433937361,192
38020,1433937369,338
38021,1433937369,338
38020,1433937377,387
38021,1433937377,387
38020,1433937390,384
38021,1433937390,384
38020,1433937397,82
38021,1433937397,82
38020,1433937412,348
38021,1433937412,348
38020,1433937424,140
38021,1433937424,140
38020,1433937443,350
38021,1433937443,350
38020,1433937453,269
38021,1433937453,269
38020,1433937478,286
38021,1433937478,286
38020,1433937488,55
38021,1433937488,55
38021,1433937505,432
38020,1433937505,432
38021,1433937547,160
38020,1433937547,160
38021,1433937561,454
38020,1433937561,454
38021,1433937566,191
38020,1433937566,191
38021,1433937588,326
38020,1433937588,326
38021,1433937599,26
38020,1433937599,26
38021,1433937644,178
38020,1433937644,178
38022,1434545544,240
38022,1434545564,68
38022,1434545576,415
38022,1434545586,130
38022,1434545599,393
38022,1434545612,148
38022,1434545638,330
38022,1434545660,469
38022,1434545670,40
38022,1434545682,187
38022,1434545694,192
38022,1434545717,338
38022,1434545741,387
38022,1434545752,384
38022,1434545762,82
38022,1434545799,348
38022,1434545822,140
38022,1434545862,350
38022,1434545884,269
38022,1434545894,286
38022,1434545922,55
38022,1434545998,432
38022,1434546032,160
38022,1434546055,454
38022,1434546067,191
38022,1434546080,326
38022,1434546111,418
38022,1434546136,292
38022,1434546149,146
38022,1434546163,239
38022,1434546208,325
38022,1434546222,284
38022,1434546275,129
38022,1434546345,273
38022,1434546366,193
38022,1434546447,344
38022,1434546550,102
38022,1434546562,258
38022,1434546572,448
38022,1434546605,385
38022,1434546617,489
38022,1434546676,65
38022,1434546759,420
38024,1434959042,184
38024,1434959055,412
38024,1434959065,81
38024,1434959088,468
38024,1434959111,182
38024,1434959149,349
38024,1434959169,3
38024,1434959181,310
38024,1434959192,371
38024,1434959230,105
38024,1434959314,351
38024,1434959351,164
38024,1434959448,249
38024,1434959469,29
38024,1434959641,417
38024,1434959770,76
38030,1437502413,283
38031,1437634991,14
38039,1439827248,226
38044,1440656782,64
38044,1440656811,452
38044,1440656822,362
38044,1440656837,386
38044,1440656928,222
38044,1440656968,488
38044,1440657077,107
38044,1440657112,406
38044,1440657133,328
38044,1440657146,123
38044,1440657190,491
38044,1440657210,320
38044,1440657235,312
38044,1440657246,436
38044,1440657270,356
38044,1440657356,321
38044,1440657400,232
38044,1440657456,121
38044,1440657526,253
38045,1440709252,232
38045,1440709262,321
38045,1440709283,257
38045,1440709293,356
38045,1440709364,436
38045,1440709416,312
38045,1440709441,320
38045,1440709453,491
38045,1440709482,123
38045,1440709505,328
38045,1440709517,406
38045,1440709528,107
38045,1440709583,488
38045,1440709641,188
38045,1440709662,222
38045,1440709682,386
38045,1440709695,362
38045,1440709717,452
38045,1440709728,64
38045,1440709769,441
38064,1445619659,46
38069,1446553342,74
38072,1448088934,54
38072,1448089025,327
38072,1448089055,172
38072,1448089077,460
38072,1448089087,347
38072,1448089109,153
38072,1448089123,474
38072,1448089141,293
38072,1448089157,88
38072,1448089169,424
38072,1448089178,177
38072,1448089190,83
38072,1448089201,357
38072,1448089210,21
38072,1448089216,457
38072,1448089238,138
38072,1448089246,499
38072,1448089252,389
38072,1448089263,63
38072,1448089274,136
38072,1448089279,373
38072,1448089286,227
38072,1448089302,470
38072,1448089311,49
38072,1448089333,352
38072,1448089372,133
38072,1448089390,462
38072,1448089462,212
38072,1448089493,271
38072,1448089514,19
38072,1448089539,241
38072,1448089566,430
38072,1448089583,85
38072,1448089594,322
38073,1448103555,322
38073,1448103613,85
38073,1448103638,430
38073,1448103663,241
38073,1448103735,19
38073,1448103772,271
38073,1448103920,212
38073,1448103933,462
38073,1448103941,133
38073,1448103957,352
38073,1448103990,49
38073,1448104009,470
38073,1448104029,227
38073,1448104045,373
38073,1448104052,63
38073,1448104073,499
38073,1448104089,256
38073,1448104099,457
38073,1448104109,21
38073,1448104117,357
38073,1448104125,83
38073,1448104135,177
38073,1448104147,424
38073,1448104162,88
38073,1448104179,293
38073,1448104226,474
38073,1448104274,153
38073,1448104289,347
38073,1448104323,460
38073,1448104335,172
38073,1448104364,327
38073,1448104388,54
38074,1448107224,54
38074,1448107331,327
38074,1448107366,172
38074,1448107388,460
38074,1448107406,347
38074,1448107428,153
38074,1448107440,474
38074,1448107459,293
38074,1448107470,88
38074,1448107482,424
38074,1448107492,177
38074,1448107508,83
38074,1448107545,231
38074,1448107550,267
38074,1448107575,443
38074,1448107585,58
38074,1448107596,197
38074,1448107609,270
38074,1448107626,87
38074,1448107638,475
38074,1448107711,142
38074,1448107719,388
38075,1448113559,33
38075,1448113624,377
38075,1448113652,157
38075,1448113667,355
38075,1448113680,374
38075,1448113697,183
38075,1448113711,45
38075,1448113720,449
38075,1448113725,228
38075,1448113730,429
38075,1448113743,303
38075,1448113750,118
38075,1448113768,319
38075,1448113796,138
38075,1448113859,256
38075,1448113886,457
38075,1448113893,21
38075,1448113900,357
38075,1448113906,83
38075,1448113922,177
38075,1448113935,424
38075,1448113946,88
38075,1448113954,293
38075,1448114003,474
38075,1448114032,153
38075,1448114049,347
38075,1448114070,460
38075,1448114085,172
38075,1448114101,327
38075,1448114124,54
38076,1448121302,54
38076,1448121416,327
38076,1448121447,172
38076,1448121477,460
38076,1448121488,347
38076,1448121516,153
38076,1448121522,474
38076,1448121541,293
38076,1448121557,88
38076,1448121563,424
38076,1448121573,177
38076,1448121591,83
38076,1448121603,357
38076,1448121614,21
38076,1448121622,457
38076,1448121637,256
38076,1448121675,319
38076,1448121699,118
38076,1448121712,303
38076,1448121725,429
38076,1448121737,228
38076,1448121743,449
38076,1448121751,45
38076,1448121761,183
38076,1448121776,374
38076,1448121795,355
38076,1448121817,157
38076,1448121834,377
38076,1448121902,185
38076,1448121945,33
38076,1448121969,422
38077,1448258298,54
38077,1448258409,327
38077,1448258445,172
38077,1448258467,460
38077,1448258485,347
38077,1448258505,153
38077,1448258516,474
38077,1448258537,293
38077,1448258569,88
38077,1448258583,424
38077,1448258597,177
38077,1448258614,83
38077,1448258697,231
38077,1448258709,267
38077,1448258731,443
38077,1448258751,58
38079,1448258872,58
38079,1448258888,197
38079,1448258929,270
38079,1448258940,87
38079,1448258956,475
38079,1448259076,443
38079,1448259108,267
38079,1448259169,231
38079,1448259175,83
38079,1448259181,177
38079,1448259221,424
38079,1448259255,88
38079,1448259271,293
38079,1448259318,474
38079,1448259427,153
38079,1448259439,347
38079,1448259462,460
38079,1448259475,172
38079,1448259506,327
38079,1448259514,54
38079,1448259542,428
38080,1448278951,54
38080,1448279053,327
38080,1448279079,172
38080,1448279104,460
38080,1448279115,347
38080,1448279140,153
38080,1448279150,474
38080,1448279176,293
38080,1448279182,88
38080,1448279194,424
38080,1448279206,177
38080,1448279227,83
38080,1448279272,231
38080,1448279289,267
38080,1448279299,443
38080,1448279310,58
38081,1448286485,161
38081,1448286556,87
38081,1448286603,270
38081,1448286639,197
38081,1448286667,58
38081,1448286735,443
38081,1448286750,267
38081,1448286788,231
38081,1448286800,83
38081,1448286833,357
38081,1448286846,21
38081,1448286851,457
38081,1448286862,256
38081,1448286876,499
38081,1448286889,389
38081,1448286897,63
38081,1448286908,136
38081,1448286913,373
38081,1448286919,227
38081,1448286931,470
38081,1448286948,49
38081,1448287047,352
38081,1448287088,133
38081,1448287102,462
38081,1448287127,212
38081,1448287160,271
38081,1448287177,19
38081,1448287203,241
38081,1448287255,430
38082,1448313004,322
38082,1448313120,405
38082,1448313225,19
38082,1448313339,271
38082,1448313361,212
38082,1448313367,462
38082,1448313373,133
38082,1448313404,352
38082,1448313437,49
38082,1448313470,470
38082,1448313558,227
38082,1448313574,373
38082,1448313585,136
38082,1448313591,63
38082,1448313602,389
38082,1448313614,499
38082,1448313626,256
38082,1448313637,457
38082,1448313654,21
38082,1448313659,357
38082,1448313665,83
38082,1448313676,177
38082,1448313691,424
38082,1448313697,88
38082,1448313707,293
38082,1448313756,474
38082,1448313781,153
38082,1448313792,347
38082,1448313814,460
38082,1448313831,172
38082,1448313857,327
38082,1448313872,54
38084,1450298596,152
38090,1451779092,477
38092,1453204861,131
